﻿<?xml version="1.0" encoding="utf-8"?><bwFonts xmlns:xsi="http://www.w3.org/2001/XMLSchema-instance" xmlns:xsd="http://www.w3.org/2001/XMLSchema" fontfactoryurl="story_content/FontFactory.swf"><font id="00" name="Gotham Rounded MediumBold Charset1 5eJ3SqRLJQM"><glyphs><g i="0" c="264" p="#^lCZuzCAvZCVvnDewXDew%eEewPEewdFVvDFAvRFZu%LJyj%ENZuRNAvfOVvFOewdPew%wPew4QewuQVvVQzv7RZu%iWtgmWkgoWagrW$frWRfqWcf_VOezVoeWUnemUneZTHeBT_eqTtf%oPwr%rLyfgL$eTKGeuKkeUJke%GJke4JkeHIGejI$e7Iyf%aEwr%8Avf_z$eAzHebzneCyneYxnevxOe3xdf2xTf2x0g4xag6xkgaxtg" /><g i="1" c="265" p="#^aEhwdGgwPHlvpJpujKSsdLjreLpp%eLmpdLsnjKVlqJmkQHsjfGxidEwiaCxiAAtj$yok5yYlbxvnaxpp%axspbxmr4yVs_yruzAmv8CgwaEhw^dEEt1DDt7C3tdBusIAxrcAAqbApp%bAmpcAcoHAfnaBim3CKlYCalaE9lmFalgGLlaHjmHHhncIeodIpp%dIspcICqJHzreHvslG3tsFDtdEEt" /><g i="2" c="284" p="#^CJ9kBJvj9J4jKIFi5IEirHFi0H4jBGvjAG9k%AGeqyGOrKFEsXEutBDvteCutvBGsNARrMAiq%MA9kLAvjkA4jVzFifzEiCyFiby4jMxvjLx9k%LxbrMxxt_yUucAewsCgwZDfwYEAvYFVuAGXt%AGCuBGgv0HHvsH6w5I6wLI5waJGvBJfvCJCu" /><g i="3" c="285" p="#^4yCu5ygvwyHvXy6wAz6weA6wFAHv4Bgv5BCu%5B6f4BueFA3eeADdAzCdWyDdvy3e5yue4y6f" /><g i="4" c="292" p="#^SK6fRKseqK2e$JDdlJCdIIDdhI2eSHseRH6f%RHQk8HSj2GcjZExilDwiLBwimAjjZy6k6yElfxanexmp%exqpfxCr7y8t$yGunAtvMBgwlDgwXEfw1Gzv7HSuRHOt%RHCuSHgvhIHvII6wmJ6w$J6wqKHvRKgvSKCu^3E7l5F8lYFGlQGbmlH8nTH4oUHmp%UHppTHHqlHErQGBsYF7t5FEt3EFt1DEtaC7tjBBsOAFrhAIqgAqp%gAmphA2oOA6njB9m9CFl0D8l3E7l" /><g i="5" c="293" p="#" /><g i="6" c="296" p="#^iA3ASB5AUCezXDnyLEnw%zJNkCJGkEJtkHJfkHJ3kGJsjgJ2jSIEifIEiGHEikHZi_GijOGNj%vDAs%YzNjLzfjozYi2zEiuyEiQxEipx2j_wsj_w6k_wgk1xtk4xFk9xRk%2COv%YB4wBBRw9B9xKAux4AuxMztxwzqxhznx1zixWygxNyexFycxuycxZxcxCxxxgxTxfxsygx_yyxhzRxBzcyIzFyTz9zZzGz3AiA3A" /><g i="7" c="297" p="#^RxofSx4gkyugPyUgzzUgjAUgNAuggB4ghBof%hBffgBzeNAaejANdzzNdPyNdkyaeSxzeRxff^4yCu5ygvwyHvXy6wAz6weA6wFAHv4Bgv5BCu%5B9k4BvjFA4jeAFiAzEiWyFivy4j5yvj4y9k" /><g i="8" c="306" p="#^UxCuVxgvkyHvLy6woz6w2A6wtAHvUAgvVACu%VAjs%VCpq%HGrvYGOvfHZvzH7w0I6wCI6w0JLvqJnvrJKurJuukJfueJ0u1JKt%1Fwo%xIhlSI_k1JHkcJnkdJ0kcJsjRI3jvIFiUHEivHEibHPiTG_iBGhj%VASo%VA6fUAtetA2e2ADdozCdKyDdjy2eVxteUx6f" /><g i="9" c="307" p="#^9AtooAUmhBYlbC$kBDZk5F0lXF_lOGYmYGto^IIyuTInu_I8u5JVt5JDt4J4tLILsqIpsUHosEHossHtshHxs7HGsuGctJFwtYEPt$DQtvCPttBYssA4sbAsq%tIsq3JsqtJ3qTJFpUJ0pUJsncJZlwIuk6HwjJFyiDDwiJBxigAsjPynk_xWlaxtnaxop%axrpbxur3y1tYyzuuAqv0ChwXDhwtFhwEGQvPHmvIIyu" /><g i="10" c="308" p="#^jCdwVCdwpD7wVD2woETvJEKvXErvaF7vbFIuaF9uOEPtrEttVDstQDstDDutqDwt9DxtoCxtZB8tyBLsxBTr%xBnl%VDnltEnlRE0ldFEkeF4kdFxjREajtEOiVDOi%xBOi%xBygwBVf5BufGA3f1A2fnz3fYyufxyVfwyyg%wyOi%0yOisxOi4xajJwxjIw4kJwEk4x0lsxnl0ynl%wynl%wylsyyvuAznvCAfwjCdw" /><g i="11" c="309" p="#^UxCuVxgvkyHvLy6woz6w2A5wtAGvUAfvVACu%VAJqXAnoWB6nVCRlxEzl2FtlnF5lJFJkKF7kKFsjlF2jYEDieEDidDEikCsjsBfkVAwl%VA9kUAvjtA4j2AFiozEiKyFijy4jVxvjUx9k" /><g i="12" c="312" p="#^qCewPDewVENv0GkvFGpuiHttjH5s%jH1siHSqGG7q3Gnp7FWocEtodDboqCXnLBHn4BrnFA7nfAOmeAjm%eAgmfAHlJAklcBZk5CYkOCZkADclnErlbFSllFXltF_lCF0mOF0mkG$lGGFl1Hjl2HNk1HokQG5kEGOjjGDjmF7jhERidDziaCziRAziNz2jJyxj5yrkuxkltxAm%txEmuxUn5yEoJyopFzQpBAfqBBwqnCKq2DZqJDcr7ExrxESryEms%yEpsxE4t$DsttDQtuCRtABRtCAxtFzctHyzszyusoyrseyos1yosvxps9xLsQw5tPwCtPw_tZwgu8xxuoxFuyysvRzRv8BewqCew" /><g i="13" c="329" p="#^UxCuVxgvkyHvLy6woz6w2A6wtAHvUAgvVACu%VAxoXA$mIB8mtCglKDfl$EglIF5mpGVmqGso%qGCurGgvSGHvhH6wXH6wAI6w$IHvqJgvrJCu%rJxotJXmeK6m0LglgMflyNgleO5mXOVmYOuo%YOCuZOgvoPHvPP6wtQ6w7R6wxRHvYRgvZRCu%ZRznYR7lKQQjxPwilNwiSLwiMK8jGJMjUIQkmIMjmH8jnGwiXEwirDyiuCdjxBTjVANk%VA9kUAvjtA4j2AFiozEiKyFijy4jVxvjUx9k" /><g i="14" c="330" p="#^jCdw%qCdwZCdwoDVvQDAv2EWu%EG3n%dJWurJAvSJVviKdwTKdw%ZKdwwLewYLVvoMzvEMTu%eQJkhQBkjQpkmQdkmQ1kmQsjZP3jAPFiXOEilOEiZN_iCNjjtNPj%UKRr%iIQj7IijJHZikHEiLGEi%zGEi_FEiAFZibFij0FQj%rCRr%UzQjJzijlzZi_yEiqyEiKxFilx3jYwtjYw1kYwek_wsk1xFk5xPk%EATuTAzvjBVvLBewjCdw" /><g i="15" c="331" p="#^UxCuVxgvkyHvLy6woz6w2A6wtAHvUAgvVACu%VAxoXA_mKB7myCglUDflfFglZF6mIGXmJGuo%JGCuKGgv9HHvAH6weI6wUI6wiJHvJJgvKJCu%KJznJJelvIUjhHxi1FwiwDxiwCcjxBSjVAPk%VA6fUAtetA2e2ADdozCdKyDdjy2eVxteUx6f" /><g i="16" c="348" p="#^AyCuByfv0zGvrz5w4A6wKA5w9BGvABfvBBCu%BBol%VDolrEolOE2l9FHkaF8k9FCjOEgjsEViVDVi%yBVi%yBaiyB8h_BFgrC9giD9gsD9gCDagNDbgWDdgtEdgQESfbFvfcFZebFseTE7eAENd9EJdQDFdsDDd4DBdDCBdFBBdVASdaA6eEzEe7z9fRy_fAyOgAyUh%AyTi%2yTiwxUi8xfjNwCjMw8kNwHk8x2lwxol2yol%Ayol" /><g i="17" c="349" p="#^AyCuByfv0zGvrz5w4A6wKA5w9BGvABfvBBCu%BBol%UDolrEolOE2l9FHkaF8k9FCjOEgjsEViUDVi%yBVi%yBaiyB8h_BFgrC9giD9gsD9gCDagNDbgWDdgsEdgPESfaFvfbFZeaFseTE7eAENd8EJdQDFdsDDd4DBdDCBdFBBdVASdaA6eEzEe7z9fRy_fAyOgAyUh%AyTi%2yTiwxUi8xfjNwCjMw8kNwHk8x2lwxol2yol%Ayol^ZHCu_HfvpIGvQI5wtJ6w7K5wyKGvZKfv_KCu%_Kol%iNolQNolbO2lyOHkzO8kyOCjbOgjRNViiNVi%XKVi%XKaiXK8hnLFgQL9gHM9gRM9g$MagaNbgjNdgSNdgdOSfAOvfBOZeAOsegO7eZNNdyNJddNFdRMDdtMBd0MBd2LBdiKSdzJ6e1JEewI9feI_fZHOgZHUh%ZHTi%rHTiVGUiyGfjbGCjaG8kbGHkyG2lVGolrHol%ZHol" /><g i="18" c="358" p="#^gCBqHCAqZCiqfD0qkDBp%rDroREco_FDn7H1nOH$ltIYkuInj%uIkjsIZgSGDfhFheCCgeUAgeBzQeiynfjxkg2xzgWwRgPw7hPwphQw_hdxniDxMidyNiuyNiJyHiYyAi8zriUzLhJAphyB3hxC2hUD4hEEJhpFmiqFrj%qFujpFFktEllxD0mMBbmfBfm_ABmJAWmOArn%2BBp6B1qoBjqGBAq6CBq^mA8u%mAounA8vSADvlB5w7C6wVC5woDDvTD8vUDou%UD8uTDotoDWsVCrs7CqslBrsSAWsnAotmA8u" /><g i="19" c="359" p="#^aDBubDfvCDGv1E5wHE6wmF5wNFGvdGfveGBu%eG6p%dMXgoMJgwMrgEM9gEMRfDMcfdMNeQLme8LleFKleiKBeXJReGJgf%JEjm%RzifzzTeczDeRynelyneGxoeexOePwcfOwRfOw9gUwqg_wHg8xWg%aDbp" /><g i="20" c="360" p="#^$DhwDFhwMGNvWHgvOIpu$Ieu6J$tdJMtdJstcJVsQIxstI9sWH8sFH8srHfsdHls5HssuG$sLFjt1FDt8EEtZCDt4C3tcBvsIAyrcABqbApp%bAmpcAcoHAfnbBim2CKlVCal0E9lVEalAFulgGOlRGhm$GpmdHvmsHAmLHBmlIAmKIcm7JPl8Jdl7JQkZIzkQIikGI9kQHqjIGZiBFwi2Ewi1CxiuAtjYyok3yYlbxwnaxpp%axspbxmr3yVsXyrutAmv0Cgw$Dhw" /><g i="21" c="361" p="#^UxDyVxgzkyHzLy6Aoz6A2A6AtAHzUAgzVADy%VAYtBBUuHCzvNDewpFgw$GgwoItvNJGuEK8twLCrxLqp%xLmpwL9nEKDlMJ5knIjj_GwipFwiPDxiJCejDBWjVA_k%VA9kUAvjtA4j2AFiozEiKyFijy4jVxvjUx9k^HEFtEDEtMC7tVBBsnBErRAHqRAqp%RAnpRA5onB8nVBbmMCGlED8lHE7lJF8lzGGlqHbmXH8nsI4otImp%tIqpsIJqXHGrrHDsAG8tKFEtHEFt" /><g i="22" c="383" p="#^SK9kRKvjqK4j$JFilJEiIIFihI4jSHvjRH8k%RHQk8HSj2GcjZExilDwiLBwimAjjZy6k6yElfxanexmp%exqpfxCr7y8t$yGunAtvMBgwlDgwXEfw1Gzv7HSuRHOt%RHDySHgzhIHzII6AmJ6A$J6AqKHzRKgzSKDy^3E7l5F8lYFGlQGbmlH8nTH4oUHmp%UHqpTHHqlHErQGBsYF7t5FEt3EFt1DEtaC7tjBBsOAFrhAIqgAqp%gAmphA2oOA6njB9m9CFl0D8l3E7l" /><g i="23" c="384" p="#^UxCuVxgvkyHvLy6woz6w2A6wtAHvUAgvVACu%VAxoXA_mKB7myCglUDflfFglZF6mIGXmJGuo%JGCuKGgv9HHvAH6weI6wUI6wiJHvJJgvKJCu%KJznJJelvIUjhHxi1FwiwDxiwCcjxBSjVAPk%VA9kUAvjtA4j2AFiozEiKyFijy4jVxvjUx9k" /><g i="24" c="385" p="#^UxCuVxfvkyGvLy5woz6w2A5wtAGvUAfvVACu%VAYtBBUuHCzvNDewpFgw$GgwoItvNJGuEK8twLCrxLqp%xLmpwL9nEKDlMJ5knIjj_GwipFwiPDxiJCejDBWjVA_k%VA6fUAsetA2e2ADdozCdKyDdjy2eVxseUx6f^HEFtEDEtMC7tVBBsnBErRAHqRAqp%RAmpRA5onB8nVBbmMCGlED8lHE7lJF8lzGGlqHbmXH8nsI4otImp%tIqpsIJqXHGrrHDsAG8tKFEtHEFt" /><g i="25" c="386" p="#^MD1AyF2AVGBzhI9zbJgy0KrxrKbwSKYuSKit%SK9kRKvjqK4j$JFilJEiIIFihI4jSHvjRH8k%RHLk5HPj_FajTExidDwiFBwiiAfjXy_j5ynlfxLmexJo%exMofxIq5y5sXytthAcuEBXudDXuQEWuXFgu3HCtSHws%SHytSHxvNGywJFAxHDBxyCAxyBjxyA2xFzywxzuwozswgzqw5zqwzyrwcyNwRx8xQxFxQx5y2yoyhyIyGySyTzrz7BKzoC1AMD1A^0EnsZCms7CVrhBsrNAEqhAQpgAKo%gAHojA1nmB3mpC4l0E2l4F3lYFwlQGZllHNmTHBnUHHo%UHKoTHQplHEqQGsrYFVr4Fms0Ens" /><g i="26" c="387" p="#^Bx8u%BxouCx8v5yDvAy5wmz6w7A5wCADv5B8v6Bou%6B8u5BotCAWs7ArsmzqsAyrs5yWsCxotBx8u" /><g i="27" c="388" p="#^Oz_v%5K_vGK_v3LCvsLdvtLDusL2u3LFtGKgt5Kft%jBft%jBxo%RIxoqJxoPJ9ocKMndKbncKBmPJcmqJPlRIOl%jBOl%jBeh%ZJehyKehXKSgkLtglLSfkLifXKVeyKweZJve%Ozve7zweHyYegynffy2g%fyrugy6vHyyv7zZvOz_v" /><g i="28" c="389" p="#^IBgwdDfwgEJvkFav$Flu%$FRu$FmvoGKvOG5wtH6w6I6wwIIvWIivXIGu%XIaoYITmBIRlfIPkwH5kQGnjJF$iDEDi8DDiTBDiRAQiQz1jVyojyyxjjySj4yak4yBk5y7lsyulPyQllzRltzRlAzQlHzPlQzMlrAwl9BolUBflLCellEflaF_l0GIm0G7o%0GsogFcopE3ozDVntCVn0AUnxyYo3x0q1x8s%1xbs2xwtHxrukylvnzPvrAgwIBgw^yC4urB3uJAyt$z1tZz4s%Zz0s_z_qNApqBBQp4DPpZDQpJEZpuF6q4Glq%4Gfr1Gws2Fht4E2uyC4u" /><g i="29" c="390" p="#^fHofgH4gKHugdIUgZIUgJJUgbKugGK4gHKof%HKffGKzebKaeJJNdZINddINdKHaegHzefHff^tHCuuHgvVHHvkI6wZI6wDJ6w2KHvtKgvuKCu%uK9ktKvj2K4jDJFiZIEijIFiUH4juHvjtH9k^AyCuByfv0zGvrz5w4A6wKA5w9BGvABfvBBCu%BBol%UDolrEolOE2l9FHkaF8k9FCjOEgjsEViUDVi%yBVi%yBaiyB8h_BFgrC9giD9gsD9gCDagNDbgWDdgsEdgPESfaFvfbFZeaFseSE7ezENd8EJdQDFdsDDd4DBdDCBdFBBdVASdaA6eEzEe7z9fRy_fAyOgAyUh%AyTi%2yTiwxUi8xfjNwCjMw8kNwHk8x2lwxol2yol%Ayol" /><g i="30" c="391" p="#^Jxnk%JxCkKxnldySlIykmuzlmfAkmKASldBnleBCk%eBnkdBCjKA8jfAFiuzEiIyFidy8jKxCjJxnk^Jx8u%JxouKx8vdyDvIy5wuz6wfA5wKADvdB8veBou%eB8udBotKAWsfArsuzqsIyrsdyWsKxotJx8u" /><g i="31" c="392" p="#^nEewdGewCHDv0J$uPJRtCKGsCK0r%CKZqCKQocJFnOHum0FRllDslrC4lxBHkaBdkQALjRA5j%RA1jSA9iBBAhlC_gIDYgJEYgIFihIGDhJHhiVHpi5ItiiIwiwIwi7JvixJ6iYJIhZJ4hYJEgLJkgzJ0giJSf6I4fLGGeoFfeLDfe$BfeFAUejzxfyyGgOxOhNxjj%NxmjNxYksyYl8zYmrAznKB9oBDBocFZo3GlpWGJpeHbqzHFqyHgr%yHkrxHjsIGWsUFwtrExt1DwtQB3tDABsyzJrpzCrbzxrZysrFysr1ytrDxTrdxgscxTscxftmxztxxStOx2ugz8vWAHvACewnEew" /><g i="32" c="393" p="#^fysugy6vHyyv7zZvOz_v%lG_vjI_vLJrvcLUu$LQtPMMsPMbr%PM8rOMnpRLooVKonlJUmmKpm4LulPLykRL_i%RLXiRL3iyLlhfLCgGK1gWJhfMIUeCHve5Gve%Ozve7zweHyYegynffy1g^gBTl%gBch%IFchbHdhZHPhMIoiNIrj%NIujLIHkSHhlZGTltFTl^gBht%gBso%9GsoZHtoSI5pLJIpLJPq%LJSqKJ2sRIFsYHgtnGht" /><g i="33" c="394" p="#^yCBuzCfv$CGvrD5w5E6wKE5waFGvCFfvDFBu%DFkh%VJkhvKjhUKWgiLwgjLVfiLjfUKWevKweVJve%iyveGxwegxWeTwjfSwVfTwwggxWgGxjhiykh%yCkh" /><g i="34" c="395" p="#^cxRudxpvCxNv$x9wBy9w$y9wkzXvFzJvWzov%7Dgr%jGovBGMvWGZvgH9wJH9wiI9wHINv5Jpv6JMu6Jtu_IbuSIVtCICt%WEep%uIZkHILkOIvkVIfkWIXjVInjvI$i6IDiuHDi5HDiMGRisG2jbGoj%aDgn%bAnjWz0jAzQiezDiOyDidyDiPx$ipxnjox0koxjkwxBkFxTkUxal%nBip%DxNtqx0ujxgucxwucxRu" /><g i="35" c="396" p="#^nGhwtIhw_JGvvL2vJMXtXMLt4NutdNctdNRscNfsNMRrnMrrMLqruLqrfLxr0LDrRKMrVJAsTI0tRHrttGstNEqtuDBsbCMrrBnqIA_oHAfn%HAcnIAtlsB4kcCHivDThOE2htG0hJH1hKIshLJShEKBiOKJi0LPifLUizLUidMTiEMti4N2i5Noh5N_gWMGgLMmgvMagnLhfXJLevIcevGceQDdeOBrfNzFgEyIivxKkuxfn%uxinvxQpEySrOzUtOB4vODgwnGhw" /><g i="36" c="397" p="#^2xHu3xivsxIvSx6wty6wYy6wkzSvIzCvUz8v%mBLr%SJLr%iL1vvLxvTLQvfM6wOM6wqN5wQNHveOgveOEueOuubOku9O9u3O_t%zHvfiHVeRGAeoGfeKFfe%BFfeXEfetEAe$DVeKDvf%ex_t8xau5xlu2xwu2xHu^yC2p%CFZh%HI2p" /><g i="37" c="398" p="#^qyBuryfvSyGviz5wZz6wDA5w2BGvtBfvuBBu%uBUftBef2BPeDAoeZzneizoeSyPeryefqyUf" /><g i="38" c="399" p="#^fyrugy6vHyyv7zZvOz_v%ME_vyHZvDJQuJLGtTMIr2OKp3Oen%3Obn2OIkTMLiJLOgDJFfyHweMEve%Ozve7zweHyYegynffy2g^jBct%jBhh%MEhhDGih_H4ilJRi5KbkRKwlSKen%SKinRK0p5KlqlJGr_HrsDGbtMEct" /><g i="39" c="400" p="#^Iy_v%EH_vbI_vxIEvUIhvUIMuUIeuxIUtbIxtEHxt%9Bxt%cIvlxI8lHIPkRIukRI3k%RI_jQIsjqI7j1IOioHOi%IyOiayOiPx9jtxvjsx1ktxykPxVkayflIyfl%WEfl%VxhtyxEtnxZtdxiuexJu%exMuexivExEv2y_vIy_v" /><g i="40" c="401" p="#^BGhwiJfwlL1vpNPtzONrKPKpLPfn%LPcnKPIkAOGirNEgoLrflJeeEGceXDeeTBsfQzGgFyJivxLkuxfn%uxinvxNpEyPrOzRtRB3vUDgwBGhw^EGstUEqtyDBsdCMrsBnqIAZoHAfn%HAcnIAulsB5kcCHiwDThRE2hBG0hlI2hGJUh0LJiML7kxMxlyMfn%yMinxM0pNLpq1LNrIJCsoIqtEGst" /><g i="41" c="403" p="#^qFgwJHgwpJpv5Lxu0MOsXM2rXMqo%XMUfWMefvMPe4MoeqLneLKoejKPeUJefTJUf%TJAoRJ$qHIdsxHrttFrtoDqtdC9s3BUq1Bso%1BUf0BefBAPeaAoewzneRyoepyPe_xefZxUf%ZxAo$xos_zkuZBgwqFgw" /><g i="42" c="404" p="#^fyBugyfvHyGv7z5wOz6wsA5wTAGviBfvjBBu%jBTp%bFTp%rJjvIJGv3KUvqK6wXK6wwL6wYLKvoMlvpMHupMlugM3u8MNtVLwt%zIhpmKLorLsnwM9mxM3k%xM0kxMSi9MVhNLYg5LegeKpfYIYeHHve2Gve%Ozve7zweHyYegynffy2g^jBan%jBhh%OFhhwHihsI2ipJNiqJbk%qJekoJBlrInmuH9nPFan" /><g i="43" c="405" p="#^fyrugy6vHyyv7zZvOz_v%fJ_vRJZveKAvDKbvEKBuDK$teKCtRJdtfJct%jBct%jBUfiBefTAPesAoeOzne7zoeHyPegyeffyUf" /><g i="44" c="406" p="#^7FWu%wJPkAJHkDJvkHJikHJ4kGJsjgJ2jSIEidIEiDHFihHZiYGhjOGHj%lDus%YzKjMzfjpzYi3zEisyEiPxFiox4jZwvjYw4kYwik$wuk3xGk7xQk%wBWuNBxvcCUvDCewfDew%oDew0EewrETvSEvv7FWu" /><g i="45" c="407" p="#^fyBugyfvHyGv7z5wOz6wsA5wTAGviBfvjBBu%jBZq%aEdo%OJov1KJvlKWvFK6w5L6wML6wbMHvDMgvEMCuEMguwM0upMLtdMwt%jGbm%MLXg1MIgaMqgjM8gjMOfjMdfWLPeyLoeUKneuKneaKweTJFeDJXe%jBin%jBUfiBefTAPesAoeOzne7zoeHyPegyeffyUf" /><g i="46" c="408" p="#^fyBugyfvHyGv7z5wOz6wsA5wTAGviBfvjBBu%jBmq%OEmqKGmqjIHpUJ0pQKHnMLmmNLok%NLlkLLFh$J5gfIxe8Fve%Ozve7zweHyYegynffy2g^jBBn%jBhh%UEhhEGihEH5iEITiGIpk%GItkEISlEHJmFGznUEBn" /><g i="47" c="409" p="#^SyHpVy6q8zlqozAqMzBq8AAqoAlqEA6qHAHp%zBufBB1flBKe6BqeGAqe%SyqeryqecyKeZx1f$xuf^$x8u%$xou0y8vvyDv$y5wMz6wyA5w1BDvwB8vxBou%xB8uwBot1BWsyArsMzqs$yrsvyWs0yot$x8u" /><g i="48" c="410" p="#^fyCugyfvHyGv6z5wMz6wpA5wQAGvfBfvgBCu%gBwj%gK9vAKAvYKQvkL4wSL4w%_L4wEM3w2NEvtNdvuNzu%uNTftNef2NPeDMoeZLnekLoeVKPeuKeftKTf%tKCq%JBifpBUe1BFeGApe7Ape%Ozpe7zqeHySegyiffyYf" /></glyphs></font><font id="10" name="Gotham Rounded Medium Charset1 6gD5X5yCQkp"><glyphs><g i="0" c="264" p="#^aDBubDfvCDGv1E5wHE6wmF5wNFGvdGfveGBu%eG6p%dMXgoMJgwMrgEM9gEMRfDMcfdMNeQLme8LleFKleiKBeXJReGJgf%JEjm%RzifzzTeczDeRynelyneGxoeexOePwcfOwRfOw9gUwqg_wHg8xWg%aDbp" /><g i="1" c="265" p="#^9AtooAUmhBYlbC$kBDZk5F0lXF_lOGYmYGto^IIyuTInu_I8u5JVt5JDt4J4tLILsqIpsUHosEHossHtshHxs7HGsuGctJFwtYEPt$DQtvCPttBYssA4sbAsq%tIsq3JsqtJ3qTJFpUJ0pUJsncJZlwIuk6HwjJFyiDDwiJBxigAsjPynk_xWlaxtnaxop%axrpbxur3y1tYyzuuAqv0ChwXDhwtFhwEGQvPHmvIIyu" /><g i="2" c="284" p="#^qCewPDewVENv0GkvFGpuiHttjH5s%jH1siHSqGG7q3Gnp7FWocEtodDboqCXnLBHn4BrnFA7nfAOmeAjm%eAgmfAHlJAklcBZk5CYkOCZkADclnErlbFSllFXltF_lCF0mOF0mkG$lGGFl1Hjl2HNk1HokQG5kEGOjjGDjmF7jhERidDziaCziRAziNz2jJyxj5yrkuxkltxAm%txEmuxUn5yEoJyopFzQpBAfqBBwqnCKq2DZqJDcr7ExrxESryEms%yEpsxE4t$DsttDQtuCRtABRtCAxtFzctHyzszyusoyrseyos1yosvxps9xLsQw5tPwCtPw_tZwgu8xxuoxFuyysvRzRv8BewqCew" /><g i="3" c="285" p="#^fyCugyfvHyGv6z5wMz6wpA5wQAGvfBfvgBCu%gBwj%gK9vAKAvYKQvkL4wSL4w%_L4wEM3w2NEvtNdvuNzu%uNTftNef2NPeDMoeZLnekLoeVKPeuKeftKTf%tKCq%JBifpBUe1BFeGApe7Ape%Ozpe7zqeHySegyiffyYf" /><g i="4" c="292" p="#^aEhwdGgwPHlvpJpujKSsdLjreLpp%eLmpdLsnjKVlqJmkQHsjfGxidEwiaCxiAAtj$yok5yYlbxvnaxpp%axspbxmr4yVs_yruzAmv8CgwaEhw^dEEt1DDt7C3tdBusIAxrcAAqbApp%bAmpcAcoHAfnaBim3CKlYCalaE9lmFalgGLlaHjmHHhncIeodIpp%dIspcICqJHzreHvslG3tsFDtdEEt" /><g i="5" c="293" p="#^BGhwiJfwlL1vpNPtzONrKPKpLPfn%LPcnKPIkAOGirNEgoLrflJeeEGceXDeeTBsfQzGgFyJivxLkuxfn%uxinvxNpEyPrOzRtRB3vUDgwBGhw^EGstUEqtyDBsdCMrsBnqIAZoHAfn%HAcnIAulsB5kcCHiwDThRE2hBG0hlI2hGJUh0LJiML7kxMxlyMfn%yMinxM0pNLpq1LNrIJCsoIqtEGst" /><g i="6" c="296" p="#^fyBugyfvHyGv7z5wOz6wsA5wTAGviBfvjBBu%jBZq%aEdo%OJov1KJvlKWvFK6w5L6wML6wbMHvDMgvEMCuEMguwM0upMLtdMwt%jGbm%MLXg1MIgaMqgjM8gjMOfjMdfWLPeyLoeUKneuKneaKweTJFeDJXe%jBin%jBUfiBefTAPesAoeOzne7zoeHyPegyeffyUf" /><g i="7" c="297" p="#^nGhwtIhw_JGvvL2vJMXtXMLt4NutdNctdNRscNfsNMRrnMrrMLqruLqrfLxr0LDrRKMrVJAsTI0tRHrttGstNEqtuDBsbCMrrBnqIA_oHAfn%HAcnIAtlsB4kcCHivDThOE2htG0hJH1hKIshLJShEKBiOKJi0LPifLUizLUidMTiEMti4N2i5Noh5N_gWMGgLMmgvMagnLhfXJLevIcevGceQDdeOBrfNzFgEyIivxKkuxfn%uxinvxQpEySrOzUtOB4vODgwnGhw" /><g i="8" c="306" p="#^4yCu5ygvwyHvXy6wAz6weA6wFAHv4Bgv5BCu%5B6f4BueFA3eeADdAzCdWyDdvy3e5yue4y6f" /><g i="9" c="307" p="#^RxofSx4gkyugPyUgzzUgjAUgNAuggB4ghBof%hBffgBzeNAaejANdzzNdPyNdkyaeSxzeRxff^4yCu5ygvwyHvXy6wAz6weA6wFAHv4Bgv5BCu%5B9k4BvjFA4jeAFiAzEiWyFivy4j5yvj4y9k" /><g i="10" c="308" p="#^$DhwDFhwMGNvWHgvOIpu$Ieu6J$tdJMtdJstcJVsQIxstI9sWH8sFH8srHfsdHls5HssuG$sLFjt1FDt8EEtZCDt4C3tcBvsIAyrcABqbApp%bAmpcAcoHAfnbBim2CKlVCal0E9lVEalAFulgGOlRGhm$GpmdHvmsHAmLHBmlIAmKIcm7JPl8Jdl7JQkZIzkQIikGI9kQHqjIGZiBFwi2Ewi1CxiuAtjYyok3yYlbxwnaxpp%axspbxmr3yVsXyrutAmv0Cgw$Dhw" /><g i="11" c="309" p="#^UxCuVxgvkyHvLy6woz6w2A6wtAHvUAgvVACu%VAjs%VCpq%HGrvYGOvfHZvzH7w0I6wCI6w0JLvqJnvrJKurJuukJfueJ0u1JKt%1Fwo%xIhlSI_k1JHkcJnkdJ0kcJsjRI3jvIFiUHEivHEibHPiTG_iBGhj%VASo%VA6fUAtetA2e2ADdozCdKyDdjy2eVxteUx6f" /><g i="12" c="312" p="#" /><g i="13" c="329" p="#^jCdwVCdwpD7wVD2woETvJEKvXErvaF7vbFIuaF9uOEPtrEttVDstQDstDDutqDwt9DxtoCxtZB8tyBLsxBTr%xBnl%VDnltEnlRE0ldFEkeF4kdFxjREajtEOiVDOi%xBOi%xBygwBVf5BufGA3f1A2fnz3fYyufxyVfwyyg%wyOi%0yOisxOi4xajJwxjIw4kJwEk4x0lsxnl0ynl%wynl%wylsyyvuAznvCAfwjCdw" /><g i="14" c="330" p="#^UxCuVxgvkyHvLy6woz6w2A6wtAHvUAgvVACu%VAxoXA_mKB7myCglUDflfFglZF6mIGXmJGuo%JGCuKGgv9HHvAH6weI6wUI6wiJHvJJgvKJCu%KJznJJelvIUjhHxi1FwiwDxiwCcjxBSjVAPk%VA6fUAtetA2e2ADdozCdKyDdjy2eVxteUx6f" /><g i="15" c="331" p="#^UxDyVxgzkyHzLy6Aoz6A2A6AtAHzUAgzVADy%VAYtBBUuHCzvNDewpFgw$GgwoItvNJGuEK8twLCrxLqp%xLmpwL9nEKDlMJ5knIjj_GwipFwiPDxiJCejDBWjVA_k%VA9kUAvjtA4j2AFiozEiKyFijy4jVxvjUx9k^HEFtEDEtMC7tVBBsnBErRAHqRAqp%RAnpRA5onB8nVBbmMCGlED8lHE7lJF8lzGGlqHbmXH8nsI4otImp%tIqpsIJqXHGrrHDsAG8tKFEtHEFt" /><g i="16" c="348" p="#^IBgwdDfwgEJvkFav$Flu%$FRu$FmvoGKvOG5wtH6w6I6wwIIvWIivXIGu%XIaoYITmBIRlfIPkwH5kQGnjJF$iDEDi8DDiTBDiRAQiQz1jVyojyyxjjySj4yak4yBk5y7lsyulPyQllzRltzRlAzQlHzPlQzMlrAwl9BolUBflLCellEflaF_l0GIm0G7o%0GsogFcopE3ozDVntCVn0AUnxyYo3x0q1x8s%1xbs2xwtHxrukylvnzPvrAgwIBgw^yC4urB3uJAyt$z1tZz4s%Zz0s_z_qNApqBBQp4DPpZDQpJEZpuF6q4Glq%4Gfr1Gws2Fht4E2uyC4u" /><g i="17" c="349" p="#^iA3ASB5AUCezXDnyLEnw%zJNkCJGkEJtkHJfkHJ3kGJsjgJ2jSIEifIEiGHEikHZi_GijOGNj%vDAs%YzNjLzfjozYi2zEiuyEiQxEipx2j_wsj_w6k_wgk1xtk4xFk9xRk%2COv%YB4wBBRw9B9xKAux4AuxMztxwzqxhznx1zixWygxNyexFycxuycxZxcxCxxxgxTxfxsygx_yyxhzRxBzcyIzFyTz9zZzGz3AiA3A" /><g i="18" c="358" p="#^UxCuVxfvkyGvLy5woz6w2A5wtAGvUAfvVACu%VAYtBBUuHCzvNDewpFgw$GgwoItvNJGuEK8twLCrxLqp%xLmpwL9nEKDlMJ5knIjj_GwipFwiPDxiJCejDBWjVA_k%VA6fUAsetA2e2ADdozCdKyDdjy2eVxseUx6f^HEFtEDEtMC7tVBBsnBErRAHqRAqp%RAmpRA5onB8nVBbmMCGlED8lHE7lJF8lzGGlqHbmXH8nsI4otImp%tIqpsIJqXHGrrHDsAG8tKFEtHEFt" /><g i="19" c="359" p="#^CJ9kBJvj9J4jKIFi5IEirHFi0H4jBGvjAG9k%AGeqyGOrKFEsXEutBDvteCutvBGsNARrMAiq%MA9kLAvjkA4jVzFifzEiCyFiby4jMxvjLx9k%LxbrMxxt_yUucAewsCgwZDfwYEAvYFVuAGXt%AGCuBGgv0HHvsH6w5I6wLI5waJGvBJfvCJCu" /><g i="20" c="360" p="#^UxCuVxgvkyHvLy6woz6w2A6wtAHvUAgvVACu%VAxoXA_mKB7myCglUDflfFglZF6mIGXmJGuo%JGCuKGgv9HHvAH6weI6wUI6wiJHvJJgvKJCu%KJznJJelvIUjhHxi1FwiwDxiwCcjxBSjVAPk%VA9kUAvjtA4j2AFiozEiKyFijy4jVxvjUx9k" /><g i="21" c="361" p="#^SK6fRKseqK2e$JDdlJCdIIDdhI2eSHseRH6f%RHQk8HSj2GcjZExilDwiLBwimAjjZy6k6yElfxanexmp%exqpfxCr7y8t$yGunAtvMBgwlDgwXEfw1Gzv7HSuRHOt%RHCuSHgvhIHvII6wmJ6w$J6wqKHvRKgvSKCu^3E7l5F8lYFGlQGbmlH8nTH4oUHmp%UHppTHHqlHErQGBsYF7t5FEt3EFt1DEtaC7tjBBsOAFrhAIqgAqp%gAmphA2oOA6njB9m9CFl0D8l3E7l" /><g i="22" c="383" p="#^Bx8u%BxouCx8v5yDvAy5wmz6w7A5wCADv5B8v6Bou%6B8u5BotCAWs7ArsmzqsAyrs5yWsCxotBx8u" /><g i="23" c="384" p="#^Oz_v%5K_vGK_v3LCvsLdvtLDusL2u3LFtGKgt5Kft%jBft%jBxo%RIxoqJxoPJ9ocKMndKbncKBmPJcmqJPlRIOl%jBOl%jBeh%ZJehyKehXKSgkLtglLSfkLifXKVeyKweZJve%Ozve7zweHyYegynffy2g%fyrugy6vHyyv7zZvOz_v" /><g i="24" c="385" p="#^lxHumxmvMxKvby6wKy6wez6wAzVvWzHveAgv%SEep%zJmvRJKv9KWvuK6wZK6wEL6w2MHvtMgvuMCuuMhulM$tcMIt0Mtt%SG2n%MLXg_LGg6MogeM5geMMfdM7fOLLenLneRKnelKne_JBeDJOelJdf%ZEXk%xA7fgALeXzzeDzne8znetyne2yOeDxdfCxTfDxbgLxugUxMg5y0h%_C5n%NxytAxPtsx5ulxnulxHu" /><g i="25" c="386" p="#^yCBuzCfv$CGvrD5w5E6wKE5waFGvCFfvDFBu%DFkh%VJkhvKjhUKWgiLwgjLVfiLjfUKWevKweVJve%iyveGxwegxWeTwjfSwVfTwwggxWgGxjhiykh%yCkh" /><g i="26" c="387" p="#^cxRudxpvCxNv$x9wBy9w$y9wkzXvFzJvWzov%7Dgr%jGovBGMvWGZvgH9wJH9wiI9wHINv5Jpv6JMu6Jtu_IbuSIVtCICt%WEep%uIZkHILkOIvkVIfkWIXjVInjvI$i6IDiuHDi5HDiMGRisG2jbGoj%aDgn%bAnjWz0jAzQiezDiOyDidyDiPx$ipxnjox0koxjkwxBkFxTkUxal%nBip%DxNtqx0ujxgucxwucxRu" /><g i="27" c="388" p="#^FH5fFHOesHCefHpeSGpekGpeGFHe1FZewEtfWD2gCDYgiDShiD7j%iDnjiDokMD_kfEzl5FAlTFzlkG5lNGDkNGVj%NGIjMG0jlGBiWF9imF$hkFahMFCgcG2g3HNfkHIfuHxfFHmfFH5f^SB5fSBOeGBCeuBpe5BpexApeUzHefzZeLytf8y2gPxYgvxShvx7j%vxnjvxokZx_ksyzlizAl4AzlxA5l_ADk_AVj%_AIjZA0jyABi7A9izz$hxzahZzCgpA2ggBNfxBIfHBxfSBmfSB5f" /><g i="28" c="389" p="#^fyBugyfvHyGv7z5wOz6wsA5wTAGviBfvjBBu%jBCo%GJCo%GJBuHJfv6KGvxK5wbL6wSL5whMGvJMfvKMBu%KMUfJMefhMPeSLoebLnexKoe6KPeHJefGJUf%GJNl%jBNl%jBUfiBefTAPesAoeOzne7zoeHyPegyeffyUf" /><g i="29" c="390" p="#^7FWu%wJPkAJHkDJvkHJikHJ4kGJsjgJ2jSIEidIEiDHFihHZiYGhjOGHj%lDus%YzKjMzfjpzYi3zEisyEiPxFiox4jZwvjYw4kYwik$wuk3xGk7xQk%wBWuNBxvcCUvDCewfDew%oDew0EewrETvSEvv7FWu" /><g i="30" c="391" p="#^MD1AyF2AVGBzhI9zbJgy0KrxrKbwSKYuSKit%SK9kRKvjqK4j$JFilJEiIIFihI4jSHvjRH8k%RHLk5HPj_FajTExidDwiFBwiiAfjXy_j5ynlfxLmexJo%exMofxIq5y5sXytthAcuEBXudDXuQEWuXFgu3HCtSHws%SHytSHxvNGywJFAxHDBxyCAxyBjxyA2xFzywxzuwozswgzqw5zqwzyrwcyNwRx8xQxFxQx5y2yoyhyIyGySyTzrz7BKzoC1AMD1A^0EnsZCms7CVrhBsrNAEqhAQpgAKo%gAHojA1nmB3mpC4l0E2l4F3lYFwlQGZllHNmTHBnUHHo%UHKoTHQplHEqQGsrYFVr4Fms0Ens" /><g i="31" c="392" p="#^UxCuVxgvkyHvLy6woz6w2A5wtAGvUAfvVACu%VAJqXAnoWB6nVCRlxEzl2FtlnF5lJFJkKF7kKFsjlF2jYEDieEDidDEikCsjsBfkVAwl%VA9kUAvjtA4j2AFiozEiKyFijy4jVxvjUx9k" /><g i="32" c="393" p="#^Iy_v%EH_vbI_vxIEvUIhvUIMuUIeuxIUtbIxtEHxt%9Bxt%cIvlxI8lHIPkRIukRI3k%RI_jQIsjqI7j1IOioHOi%IyOiayOiPx9jtxvjsx1ktxykPxVkayflIyfl%WEfl%VxhtyxEtnxZtdxiuexJu%exMuexivExEv2y_vIy_v" /><g i="33" c="394" p="#^jCdw%qCdwZCdwoDVvQDAv2EWu%EG3n%dJWurJAvSJVviKdwTKdw%ZKdwwLewYLVvoMzvEMTu%eQJkhQBkjQpkmQdkmQ1kmQsjZP3jAPFiXOEilOEiZN_iCNjjtNPj%UKRr%iIQj7IijJHZikHEiLGEi%zGEi_FEiAFZibFij0FQj%rCRr%UzQjJzijlzZi_yEiqyEiKxFilx3jYwtjYw1kYwek_wsk1xFk5xPk%EATuTAzvjBVvLBewjCdw" /><g i="34" c="395" p="#^UxCuVxgvkyHvLy6woz6w2A6wtAHvUAgvVACu%VAxoXA$mIB8mtCglKDfl$EglIF5mpGVmqGso%qGCurGgvSGHvhH6wXH6wAI6w$IHvqJgvrJCu%rJxotJXmeK6m0LglgMflyNgleO5mXOVmYOuo%YOCuZOgvoPHvPP6wtQ6w7R6wxRHvYRgvZRCu%ZRznYR7lKQQjxPwilNwiSLwiMK8jGJMjUIQkmIMjmH8jnGwiXEwirDyiuCdjxBTjVANk%VA9kUAvjtA4j2AFiozEiKyFijy4jVxvjUx9k" /><g i="35" c="396" p="#^LK8u%LKouLK8vdLDvHL5wtM6wfN5wJNDvbO8vbOou%bO8ubOotJNWsfNrstMqsHLrsdLWsLKotLK8u^aE8u%aEouaE8vEEDv6F5wUF6wGG5w8HDvCH8vCHou%CH8uCHot8HWsGGrsUFqs6FrsEEWsaEotaE8u^Bx8u%BxouBx8v3yDvxy5wjz6w5A5wzADv1B8v1Bou%1B8u1BotzAWs5Arsjzqsxyrs3yWsBxotBx8u" /><g i="36" c="397" p="#^AyCuByfv0zGvrz5w4A6wKA5w9BGvABfvBBCu%BBol%VDolrEolOE2l9FHkaF8k9FCjOEgjsEViVDVi%yBVi%yBaiyB8h_BFgrC9giD9gsD9gCDagNDbgWDdgtEdgQESfbFvfcFZebFseTE7eAENd9EJdQDFdsDDd4DBdDCBdFBBdVASdaA6eEzEe7z9fRy_fAyOgAyUh%AyTi%2yTiwxUi8xfjNwCjMw8kNwHk8x2lwxol2yol%Ayol" /><g i="37" c="398" p="#^SwRkSw9l2xllfxxlExylayylPygltz_k_ztkAAUjUA$icB5icBPg%cBzgcByfJAZefAnepzneDyoeaySeJxjfJx2g%JxfgKxWg9ymhAyNh8zWhazMiKyljiyVjrxakbxfk1xqkTwAkSwRk^ECRkEC9lQCll1DxlqDyl_DylDEglgF_kMFtknGUjHG$i0H5i0HPg%0Hzg0HyfxGZe3GnedFnerEoe_DSexDjfxD2g%xDfgyDWgZDmhoENhYEWh_EMiyElj6EVjfDak_CfkPCqkFCAkECRk" /><g i="38" c="399" p="#^lCZuzCAvZCVvnDewXDew%eEewPEewdFVvDFAvRFZu%LJyj%ENZuRNAvfOVvFOewdPew%wPew4QewuQVvVQzv7RZu%iWtgmWkgoWagrW$frWRfqWcf_VOezVoeWUnemUneZTHeBT_eqTtf%oPwr%rLyfgL$eTKGeuKkeUJke%GJke4JkeHIGejI$e7Iyf%aEwr%8Avf_z$eAzHebzneCyneYxnevxOe3xdf2xTf2x0g4xag6xkgaxtg" /><g i="39" c="400" p="#^KwWyKwczWwpz7xCzwxCz2yCzHyjzlz1zSzyysAYxMA2x4B9w4BUu%4BCu4BBtCA0t8Aqshzqsvyrs2yVsBxmtBx5u%BxiuCxZu1ypvsyRv0z_v2zPwCynxayYxjxey3xiyVwtyLwFyKwWy" /><g i="40" c="401" p="#^$vay0wFylwZyHwizbxjzzxjzQx7z6yYygyDy%wIGdzIydBIodEIedEI3dEIAciIgcZHXbtHWb5HWbPG6cyGhcnGCc%8wzx5wHx2wRx$v$x$vay" /><g i="41" c="403" p="#^FQofGQ4g8RugDRUgnSUg7TUgBTug4U4g5Uof%5Uff4UzeBTae7TNdnSNdDRNd8RaeGQzeFQff^TQCuUQgvjRHvKR6wnS6w1T6wsTHvTTgvUTCu%UT9kTTvjsT4j1TFinSEiJRFiiR4jUQvjTQ9k^AyCuByfv0zGvrz5w4A6wKA5w9BGvABfvBBCu%BBol%UDolrEolOE2l9FHkaF8k9FCjOEgjsEViUDVi%yBVi%yBaiyB8h_BFgrC9giD9gsD9gCDagNDbgWDdgsEdgPESfaFvfbFZeaFseTE7eAENd8EJdQDFdsDDd4DBdDCBdFBBdVASdaA6eEzEe7z9fRy_fAyOgAyUh%AyTi%2yTiwxUi8xfjNwCjMw8kNwHk8x2lwxol2yol%Ayol^ZHCu_HfvpIGvQI5wtJ6w7K5wyKGvZKfv_KCu%_Kol%iNolQNolbO2lyOHkzO8kzOCjcOgjRNViiNVi%XKVi%XKaiXK8hnLFgQL9gHM9gRM9g0NagbNbgjNdgSNdgdOSfAOvfBOZeAOsegO7eZNNdyNJddNFdRMDdtMBd0MBd2LBdiKSdzJ6e1JEewI9feI_fZHOgZHUh%ZHTi%rHTiVGUiyGfjbGCjaG8kbGHkyG2lVGolrHol%ZHol" /><g i="42" c="404" p="#^KyPp%rDPp2EOptEopUEZoVEloUEJntEin2ETmrDSm%KySm7yTmIxinhxJngxlohxZoIxop7yOpKyPp" /><g i="43" c="405" p="#^qyBuryfvSyGviz5wZz6wDA5w2BGvtBfvuBBu%uBUftBef2BPeDAoeZzneizoeSyPeryefqyUf" /><g i="44" c="406" p="#^2xHu3xivsxIvSx6wty6wYy6wkzSvIzCvUz8v%mBLr%SJLr%iL1vvLxvTLQvfM6wOM6wqN5wQNHveOgveOEueOuubOku9O9u3O_t%zHvfiHVeRGAeoGfeKFfe%BFfeXEfetEAe$DVeKDvf%ex_t8xau5xlu2xwu2xHu^yC2p%CFZh%HI2p" /><g i="45" c="407" p="#^fyBugyfvHyGv7z5wOz6wsA5wTAGviBfvjBBu%jBmq%OEmqKGmqjIHpUJ0pQKHnMLmmNLok%NLlkLLFh$J5gfIxe8Fve%Ozve7zweHyYegynffy2g^jBBn%jBhh%UEhhEGihEH5iEITiGIpk%GItkEISlEHJmFGznUEBn" /><g i="46" c="408" p="#^fyrugy6vHyyv7zZvOz_v%fJ_vRJZveKAvDKbvEKBuDK$teKCtRJdtfJct%jBct%jBUfiBefTAPesAoeOzne7zoeHyPegyeffyUf" /><g i="47" c="409" p="#^fyBugyfvHyGv7z5wOz6wsA5wTAGviBfvjBBu%jBSo%TISotJRoSJsofK3ogKtnfKTmSJumtJ5mTI4m%jB4m%jBhh%$JhhBKgh_KTgnLugoLUfnLif_KVeBKwe$Jve%Ozve7zweHyYegynffy2g" /><g i="48" c="410" p="#^fyBugyfvHyGv7z5wOz6wsA5wTAGviBfvjBBu%jBTp%bFTp%rJjvIJGv3KUvqK6wXK6wwL6wYLKvoMlvpMHupMlugM3u8MNtVLwt%zIhpmKLorLsnwM9mxM3k%xM0kxMSi9MVhNLYg5LegeKpfYIYeHHve2Gve%Ozve7zweHyYegynffy2g^jBan%jBhh%OFhhwHihsI2ipJNiqJbk%qJekoJBlrInmuH9nPFan" /><g i="49" c="411" p="#^yGhwwIgw4KJvELavMMouiN3uzNAtQN5tQNrs%QNMnPN5nnNGmYMemiMdm%qHdmRGdmsGCm3G_m2Gzn3G8osGwoRGToqHTo%TKTo%TKas2KNsZI8tUHutEGvtREutvDGsaCSrrBsqIA2pHAen%HAbnIAulrB5kbCIisDThKE2hnG0hNH1hNIphOJMhDKoiOKxi1LEigLKizLLidMJiEMii4NSh5Ndh4NMgUMsgIM8gtMZfiL6fSJFerIcevGceRDeePBsfNzGgEyJivxMkuxen%uxhnvxSpCyUrKzVtMB5vODgwyGhw" /><g i="50" c="412" p="#^Vy_v%JK_viL_vHLCv4Mdv5MEu4M3uHLHtiLitJKht%DBht%vLkhML$gVLFg2Mig2MVf%2MRf1MhfELVefLweGKve%azveCywedyVeRxhfQxSfRxrgdyQgCychazch%YHch%5y9tPxttGxQtxxauxxAu%xxEuyxcvXxBvlyZvVy_v" /><g i="51" c="413" p="#^fyrugy6vHyyv7zZvOz_v%ME_vyHZvDJQuJLGtTMIr2OKp3Oen%3Obn2OIkTMLiJLOgDJFfyHweMEve%Ozve7zweHyYegynffy2g^jBct%jBhh%MEhhDGih_H4ilJRi5KbkRKwlSKen%SKinRK0p5KlqlJGr_HrsDGbtMEct" /><g i="52" c="414" p="#^qFgwJHgwpJpv5Lxu0MOsXM2rXMqo%XMUfWMefvMPe4MoeqLneLKoejKPeUJefTJUf%TJAoRJ$qHIdsxHrttFrtoDqtdC9s3BUq1Bso%1BUf0BefBAPeaAoewzneRyoepyPe_xefZxUf%ZxAo$xos_zkuZBgwqFgw" /><g i="53" c="415" p="#^qzOgSyOguy9h6yvh6y3i6yvikyQiyy9jYylj%aHdn%Yy4ryyfrkyzr6yTr6yjs7yTstyetQyBtkzAtyzAtKzxtWzut5Aot%5JZoHJIo$JhojKRnjKhn%jK5njKxm$J6mHJGl5Jpl%5A_gYzVgMzSgBzOgqzOg" /><g i="54" c="416" p="#^qIAt_IAtmJetKJTsKJjsKJTrwJyriJdrUI1r%GA9n%UIjjiJ7jwJPiKJviKJ3iJJvhmJ8h0JNgwIOgiIOg6IRgWHUgLH_g%Jypl9yGlRx6mxxxmxx5n%xxhnxxRnRxho9yIoJyZo%LHotUHtt3IxtfIAtqIAt" /><g i="55" c="417" p="#^fysugy6vHyyv7zZvOz_v%lG_vjI_vLJrvcLUu$LQtPMMsPMbr%PM8rOMnpRLooVKonlJUmmKpm4LulPLykRL_i%RLXiRL3iyLlhfLCgGK1gWJhfMIUeCHve5Gve%Ozve7zweHyYegynffy1g^gBTl%gBch%IFchbHdhZHPhMIoiNIrj%NIujLIHkSHhlZGTltFTl^gBht%gBso%9GsoZHtoSI5pLJIpLJPq%LJSqKJ2sRIFsYHgtnGht" /><g i="56" c="418" p="#^sx3A8z4A6A7z4Bay5Baw%5B9k4BvjFA4jeAFiAzEiWyFivy4j5yvj4y9k%4yaw3yWwMxgxtxCxYwCxWwBxSwAxPwAxMwAxgwAxXvVxBvfyAvQyBvrz2wKzvw2Adx3A^RxofSx4gkyugPyUgzzUgjAUgNAuggB4ghBof%hBffgBzeNAaejANdzzNdPyNdkyaeSxzeRxff" /><g i="57" c="419" p="#^SyHpVy6q8zlqozAqMzBq8AAqoAlqEA6qHAHp%zBufBB1flBKe6BqeGAqe%SyqeryqecyKeZx1f$xuf^$x8u%$xou0y8vvyDv$y5wMz6wyA5w1BDvwB8vxBou%xB8uwBot1BWsyArsMzqs$yrsvyWs0yot$x8u" /><g i="58" c="420" p="#^sAButAfvUAGvkB5wZB6wDC5w2DGvtDfvuDBu%uDNfuD7f3DIeECheZBge%WBgeBBgedBleSApeqAxe%Mxofixwf0xTfLwdgLwIgMwfh8xDhxx$h5y0idy0imy$hwyZhEyXh%sAoh" /><g i="59" c="421" p="#^iGGujGivJGIv7H6wMH6wpI6wPIIvdJiveJGu%eJ3s%BK3s8L3svLJrSLmrSLPqSLhqvLWp8LzpBKyp%eJyp%eJJfdJ4fOIGenIgeKHfe4HfeGGvegGLeSFff%Ex_oixnp7xNpZwaqZwCq_wgrpxGrQx3sty3s%iG3s^yAyp%iGDi%iGyp" /><g i="60" c="422" p="#^SK9kRKvjqK4j$JFilJEiIIFihI4jSHvjRH8k%RHQk8HSj2GcjZExilDwiLBwimAjjZy6k6yElfxanexmp%exqpfxCr7y8t$yGunAtvMBgwlDgwXEfw1Gzv7HSuRHOt%RHDySHgzhIHzII6AmJ6A$J6AqKHzRKgzSKDy^3E7l5F8lYFGlQGbmlH8nTH4oUHmp%UHqpTHHqlHErQGBsYF7t5FEt3EFt1DEtaC7tjBBsOAFrhAIqgAqp%gAmphA2oOA6njB9m9CFl0D8l3E7l" /><g i="61" c="423" p="#^fHofgH4gKHugdIUgZIUgJJUgbKugGK4gHKof%HKffGKzebKaeJJNdZINddINdKHaegHzefHff^tHCuuHgvVHHvkI6wZI6wDJ6w2KHvtKgvuKCu%uK9ktKvj2K4jDJFiZIEijIFiUH4juHvjtH9k^AyCuByfv0zGvrz5w4A6wKA5w9BGvABfvBBCu%BBol%UDolrEolOE2l9FHkaF8k9FCjOEgjsEViUDVi%yBVi%yBaiyB8h_BFgrC9giD9gsD9gCDagNDbgWDdgsEdgPESfaFvfbFZeaFseSE7ezENd8EJdQDFdsDDd4DBdDCBdFBBdVASdaA6eEzEe7z9fRy_fAyOgAyUh%AyTi%2yTiwxUi8xfjNwCjMw8kNwHk8x2lwxol2yol%Ayol" /><g i="62" c="424" p="#^SwRkSw9l2xllfxxlExylayylPygltz_k_ztkAAUjUA$icB5icBPg%cBzgcByfJAZefAnepzneDyoeaySeJxjfJx2g%JxfgKxWg9ymhAyNh8zWhazMiKyljiyVjrxakbxfk1xqkTwAkSwRk" /><g i="63" c="425" p="#^gCBqHCAqZCiqfD0qkDBp%rDroREco_FDn7H1nOH$ltIYkuInj%uIkjsIZgSGDfhFheCCgeUAgeBzQeiynfjxkg2xzgWwRgPw7hPwphQw_hdxniDxMidyNiuyNiJyHiYyAi8zriUzLhJAphyB3hxC2hUD4hEEJhpFmiqFrj%qFujpFFktEllxD0mMBbmfBfm_ABmJAWmOArn%2BBp6B1qoBjqGBAq6CBq^mA8u%mAounA8vSADvlB5w7C6wVC5woDDvTD8vUDou%UD8uTDotoDWsVCrs7CqslBrsSAWsnAotmA8u" /><g i="64" c="426" p="#^nEewdGewCHDv0J$uPJRtCKGsCK0r%CKZqCKQocJFnOHum0FRllDslrC4lxBHkaBdkQALjRA5j%RA1jSA9iBBAhlC_gIDYgJEYgIFihIGDhJHhiVHpi5ItiiIwiwIwi7JvixJ6iYJIhZJ4hYJEgLJkgzJ0giJSf6I4fLGGeoFfeLDfe$BfeFAUejzxfyyGgOxOhNxjj%NxmjNxYksyYl8zYmrAznKB9oBDBocFZo3GlpWGJpeHbqzHFqyHgr%yHkrxHjsIGWsUFwtrExt1DwtQB3tDABsyzJrpzCrbzxrZysrFysr1ytrDxTrdxgscxTscxftmxztxxStOx2ugz8vWAHvACewnEew" /><g i="65" c="427" p="#^fyCugygvGyHv5z6wLz6wpA6wQAHvfBgvgBCu%gB8k%wFwqMFUq4G6roGjrOGjrdHjrxH6rSHUq5Iwq%nM5k%nMBuoMevPMGvfN5wUN6wzO5w_OGvqPfvrPBu%rPYfqPif_OSezOqeUNpe%zNpe6NpeLMCepMOeaMcf%RGwn%yBdfkBSeZAEeDApe7Ape%Ozpe7zqeHySegyiffyYf" /><g i="66" c="428" p="#^6CewrDewwESvBFtvmGIu8HWtzHMs$HCr$H2q%$HUf_HefyHPe6HoetGnePFoenFPeXEefWEUf%WEYpUEIr7EzsnDpt5CptdBotxA2tSzIsez2s1zTrPyOrByIriyIrFxJrex8sQwysPwatQwxtZwQt7x7ulxku9y9vlzHvxAdw6Cew" /></glyphs></font><font id="20" name="Gotham Rounded Light Charset1 5sY0BQ6YWvX"><glyphs><g i="0" c="264" p="#^kysvkyLvvyWvGy4wXy4wcz4wmzWvxzLvxzsv%xzCoyzhn7AgmIAelIBFkIC4kZD3kWF5kZGgl0Iqm1Iqo%1Isv1ILvcIWvnI4wEI4wVI4w3JWveJLveJsv%eJboeJFmDIul1IikUGDjMFYi8EYipCZihBJjaAtkxzDl%xzNjxzujmzkjbz9jWy9jFy9juykjkyvjkyNj" /><g i="1" c="265" p="#^Ky1pSyBnvzum8Anl9BKkaC4ksD3kVE5kUFNkTGtlpHBmXHJn1I1p^GIduNI5uQI_tTITtTINtTIxtIIntxIdthIdt8Idt2IgtYHjtTHot6H9u6GEu6F7vLD8vuC7voByuiAYtAzQsTyIrKy6q%LI6q_I6q9JYplJNplJyplJInDIdmVHJkBGRjiFZivDYiLBZioASj1zKkfyemtxJnsxBp%sxEptxErjy8tazDuAAsv$BhwIDhwpFhwAGJvMH9vGIdu" /><g i="2" c="284" p="#^GxwvGxLvQxWv_x4wdy4woy4wvy$vDyWvKyNv%5Djq%tHQvzHYvGH0wOH4wZH4wdI4woIWvzIMvzIwvzInvwIhvtIavoI5v%UDtp%dI7kiI1kkIXjnIQjnIJjmIujcIkj2I9jPH9jFH9jxHejpHjjiHsj%8DEo%ZypjTyhjLydjEy9jty9jdy9j2yjjTxtjSxJjTxSjWxZjZx3k2y8k%lCvp%Px6vKxcvIxjvGxpvGxwv" /><g i="3" c="285" p="#^zCdw5DdwxD7w_D1wmEVvyEQvFEIvMEzvMEnvLE8vAE_uqEQucEQu5ERuLDYupD3vMC4vDB5vWAxueAYtcABs%cAmk%cEmkrEmkCEckNE2kNEPjNEAjCEqjrEfjcEfj%cAfj%cAHfcAqf1AffSz4fBz3fkz4f9zff$yqf$yHf%$yfj%Dxfjoxfjdxpj2xzj2xOj2x1kdxckoxmkDxmk%$ymk%$yJs1zxu1Aov2BewzCdw" /><g i="4" c="292" p="#^kysvkyKvvyVvGy4wXy4wcz4wmzVvxzKvxzsv%xzet3A2uOALuxBrvwCSvwDhwOEhwmGhwMHuvaJHu3KctZKIr_KCp%_KzpZKun3K0maJxkMHLjmGYiOEYixDYiyCojzBQjPAxk4Aelxz5m%xzgexz_dmzQdbzFdWyEdFyFduyQdky_dkyge^GE7vjD6v7CruYALtdAxsuzirtzEp%tzBpuzYndAKmYAvl7CPkjD7kGE6k0G7k8HOkhItlYIImEJXnGJCp%GJGpFJor_ICskIPtbHtu3G6vGE7v" /><g i="5" c="293" p="#^cChw0EfwdFxvqGPu4HSt%4Hsv4HLveHWvpH4wGH4wXH4w5IWvgILvgIsv%gI2ogITmXH_lCH4lZGrkhGLjgFpjfE2jYC2jKB2jJAjjIzzjLy$jEy1kwyakpyjkoyykpyNkzyYkKy6lZy7l1z7l5z6laz4lfz2l1AFkWArkQBckTCbkSEbkYFbl3Ham4H6o%4HEoaGpo9Fgo9E6oRC6okA6oPybpjxfqhxes%hxisixCt0yvuLyovSzRv_AhwcChw^gC8vhB7vrANuCzru5zOtAy8tzyds%zyasAyPqFz0qKAdpMCbp8EcpdFnpiGyp5HMp%5Hdr4HosqGgtMF8uGEEuBD7vgC8v" /><g i="6" c="296" p="#^YDhwzFgwLGGvXH4vTI5uYI0u_IWt0JPt0JJt0JutQIjtFI7tqI6tiI6tbIat5Iet0IjtfH5ufGCugF7v0E8vyC7vmBouaAFttzqsNyarMyCp%MyzpNy1oszOm8AzliBRksC6kWD5kcF7k9GEk6H8lTHUlYHZl3I0mbI2miI2mzI2mKITlWIHlWIqlWIhlTIalQI2lLIZkVH8kKGzjAFZiYDYi6CZiEAUjazOkjyjmtxPnsxCp%sxGptxtrjyZsaztuDAnv5CgwYDhw" /><g i="7" c="297" p="#^kysvkyLvvyWvGy4wXy4wcz4wmzWvxzLvxzsv%xzUs%ECMp%xHPvGHYvNH0wVH5w3I4wkI4wuIXvFINvFIwvFInvCIhvAIavuI3v%uDUo%9I8khI2kjIYjmIRjmIJjmItjbIjj1I9jNH9jFH9jyHcjsHejmHkj%xzqr%xzhexz$dmzQdbzFdWyFdFyFduyQdky$dkyhe" /><g i="8" c="306" p="#^kysvkyLvvyWvGy4wXy4wcz4wmzWvxzLvxzsv%xzCoyzhn7AgmIAelIBFkIC4kZD3kWF5kZGgl0Iqm1Iqo%1Isv1ILvcIWvnI4wEI4wVI4w3JWveJLveJsv%eJboeJFmDIul1IikUGDjMFYi8EYipCZihBJjaAtkxzDl%xzgexz$dmzQdbzFdWyEdFyFduyQdky$dkyge" /><g i="9" c="307" p="#^ZDhwTFgwlHmvQIruGJXswKqrxKCp%xKzpwKMnGJgmRIMknHTjWFZi0EYi6CZiDAUj9zOkjyjmtxPnsxCp%sxGptxtriyZs8ztuBAnv3CgwZDhw^0E8vxC7vlBouaAFttzqsNyarMyCp%MyzpNy2orzPm6AAlgBRkrC6kZD5ksF6kDGRkPHAlvIQmcJ3odJCp%dJGpcJbrxIqsTHFtIGouyF7v0E8v" /><g i="10" c="308" p="#^kysvkyLvvyWvGy4wXy4wcz4wmzWvxzLvxzsv%xzEoyzln4AjmDAhlyBHktC4kDD3klF5kkGdlkHlmmHlo%mHsvmHLvxHWvIH4wZH4weI4woIWvzILvzIsv%zIzoAI8n7J8mHJ7lBKCkwL4kCM3koO4knPdlnQlmoQqo%oQsvoQLvzQWvKQ4w$Q4wgR4wqRWvBRLvBRsv%BRgoARQlhQpk$O_iIMYiVK_iOJOjIIBk5IHlAHykwGMjtF_iODYi6C_i7BKj8Aukxzwl%xzNjxzujmzkjbz9jWy9jFy9juykjkyvjkyNj" /><g i="11" c="309" p="#^vysvvyLvGyWvRy4w6z4wnz4wxzWvIzLvIzsv%IzgeIz_dxzPdmzEd5zEdQyEdFyPdvy_dvyge" /><g i="12" c="312" p="#^kyszkyLzvyVzGy4AXy4Acz4AmzVzxzLzxzsz%xzft3A3uOALuxBrvwCSvwDhwOEhwmGhwMHuvaJHu3KctZKIr_KCp%_KzpZKun3K0maJxkMHLjmGYiOEYixDYiyCojzBQjPAxk4Aelxz5m%xzNjxzujmzkjbz9jWy9jFy9juykjkyujkyNj^GE7vjD6v7CruYALtdAxsuzirtzEp%tzBpuzYndAKmYAvl7CPkjD7kGE6k0G7k8HOkhItlYIImEJXnGJCp%GJGpFJor_ICskIQtbHtu3G6vGE7v" /><g i="13" c="329" p="#^tArvtAIvFAUvRA4w6B4woB4wzBUvKBIvKBrv%KBYeKBHeABweqBke6Bke%3BkeSAkeFAnetAqegAve%dxDf$wHfTwQfLwYfKwagLwpgVwzg3xJghxJgmxJgrxIgwxHgCxEg%tAGf" /><g i="14" c="330" p="#" /><g i="15" c="331" p="#^4zsv4zKvfzVvqz4wHz4wYz4w6AVvhAKvhAsv%hAmk%gEmkvEmkFEckQE2kREPjQEzjGEpjwEfjgEfj%hAfj%hA0ihAogVABfyBNeSCNedDOexDReSDTe9EXesE_eFEReSEHeSEpeSEceJE2eBETdoERd4EMdIDJdkDGdSCGd0CGdlBWdGAaebAFeEzdfmz3g4zVg4z_h%4zfj%Ixfjtxfjixpj7xzj7xOj7x2khxcksxmkIxmk%4zmk" /><g i="16" c="348" p="#^dAuveALvqAWvCA4wTA4w6B4wgBYvqBPvvBEv%fJzfjJsflJkfoJbfoJ3foJOedJFe2JveMIve%eyveYxveNxGeCxReCx6fCxofNxzfYxKfeyKf%RHKf%kA6vhAbvfAiveApvdAuv" /><g i="17" c="349" p="#^5xov5xFvgxQvrx_vJx_v%CI_vTI_v2JPveJEveJmveJ5v2JWuTILuCILu%ezLu%BEUp7Gwo5Hqn3IkmwIjlZIhkYI5j%YI2jYIGhgIBgBHwfqGUegFfeMDfeBBgecAafPy3gKxIhHxMhFxShExXhEx0iExgiPxri_xBieyBipyBiwyxiEysiKykiKzVgUA9g3CpfEDofIEpfBFTfuGkg1HahAH$hBH8jBH3kdHXkSGPl$FQm9FQnJD7p%oxRuexZu9x6v5xev5xov" /><g i="18" c="358" p="#^MDhwiFhwAGFvTH0vFITtrJKssJbr%sJ8rrJypBIuoLHqnlGSmYEimgDcm%3Jzf9JsfdJjfhJafhJ2fhJOe7JFeZIveJIve%MyvevyvekyGe9yRe8y6f9ynfkyyfvyIfMyIf%qHIf%GBlmzBumvBBmrBImrBQmsB4nDBenOBon2Con%GConfEpntFRnIGhopH7p6IZp7Ibr%7Ifr6IpswHhtXG8uYFDu_E6vOD7v9C6vSAsuzzNtyyystysskynsbyis0yisLxiszxusnxGsnxXsnx4tqxctuxjtyxotByHu9AuvJBgwMDhw" /><g i="19" c="359" p="#^BysvByKvMyVvXy4wdz4wuz4wFzVvQzKvQzsv%QzOg%gG8qnGiqvGoqEGtqPGtq_Gtq6HoqfHiqmH8q%ONOg%ONrvONIv_NUvaO4wrO4wIO4wUOUv4PIv4Prv%4P3f4POeUOCeIOqerOqe%jOqe6OqeXNxeNNDeGNOe%RGRo%0AOeTzDeJzxezzqemzqe%ezqeZyqeNyCeByOeBy3f" /><g i="20" c="360" p="#^CyrvCyIvOyUv_y4wfz4wwz4wIzUvUzIvUzrv%UzKo%DFKo%$KKv6LUvfL_voL4wAL4wRL4w1MUveMHvfMpvfMivbMbv8M4v2MYu%4HwozIjoIJInSK4nwL1mbM_kbMwj%bMtjbMxiRLHhvLRgTKdg4KqfPIZezHveYFve%fzve_yveOyHeCyTeCy8f^UzAn%UzHf%TFHfgIJfAJKgUKKhVKwj%VKzjUKRkdKKlzJDmqI5nhHznOFAn" /><g i="21" c="361" p="#^lyiflyCfyyQfMy1g5z1gqz1gEzQfSzCfSzif%SzSeSzyeEzleqz7e5z7eMy7eyylelyyelySe^vysvvyLvGyWvRy4w6z4wnz4wxzWvIzLvIzsv%IzNjIzujxzkjmz9j5z9jQy9jFykjvyvjvyNj" /><g i="22" c="383" p="#^Sz4AdB6AfCgzhDry6Esw%iJ5kkJ0klJXjmJSjmJNjmJvjbJkj0J9jKI9jvI9jmIhjdIpj8IBj%HDFu%ByFjvyrjmyijdy9jXx9jFx9jtxkjixvjixNjixTjkxZjmx3kox9k%5DXv%0D6wpCxxHBeyZAXyXzXynzXy_ySyCyOyjyHycyEy6yCy0yAyWxAyGxByvxLylxVylx9zlxmzrxuzxxDzHxHzbyTzIyZzez4ASz4A" /><g i="23" c="384" p="#^2yAu%2ygv2yDvgySvvy4wTy4wez4wszSvHzDvHzgv%HzAuHzdusz$tezMtTyMtvyMtgy$t2ydu2yAu" /><g i="24" c="385" p="#^rCewGDewFENvFFkveGvuQGFtQGws%QGtsPGmrcGGqBF_pEEApHDapECUoIBEoUAlo5A1oBzAn5z7n4zqm%4znm6zolTzNkFAak_B8kVC9kODrkIEIkxFblBFelGFglMFilUFil8GhljG7luGYkuGIkuGuknGmkhGdk9G8keFCj9Ejj4D$i1C$i9A0j0z_jTxYkRxwm%RxzmSxHnvymo9z0p9App9BNpdC3q6DjqTDDqEEWq6FprAFTrBFCs%BFGszFNtHEruQD4vwC5vnB5vjAKufzmugyEtbyAt4yytZxwtSxwtCxwtrxHtgxStgx6ugxgukxpupxxuuxBuuykvOzNv6BewrCew" /><g i="25" c="386" p="#^$DEv%9J5kbJ0kcJXjdJSjdJNjdJvj2JkjTI9jBI9jmI9jdIhj4Ipj$HBj%hDCu%DyFjxyrjoyijfy9jZx9jHx9jvxkjkxvjkxNjkxTjmxZjox3kqx9k%yCEvFCUvPC0w_C9wfD9w%iD9wzD9wJD0wUDUv$DEv" /><g i="26" c="387" p="#^WD1AlF1AwGBzIH9zyIkyjJzxKJuw9Kpv9K0u%9KNj9Kvj_JkjPJ9jyJ9jhJ9j6JkjYIvjYINj%YIOl9IDkRGPjxF_iDDYi2CYiFAIjhzrkoyOlwx8nvx_o%vx2pwxTqoydshzztFAiu2C1vDD1vvF$uPG9u7IjtYI5s%YIXtVIowxHDxaGTyXDUyCCUynBty8A3y2zgxZydxUybxPy9xHy9xryaxfylx4ywx3yKx3yVx8y2ydybylyhyAz9z_ABzoC1AWD1A^LDTtpCStiBftbADswzxrRyrqPy_o%PyXoQysnvznmaAilhBJkoC7kLD6k5F7khGJkuHjleIpm$Iun0JZo%0J0p$IuqeIAruHFshGgt5FStLDTt" /><g i="27" c="388" p="#^kysvkyLvvyWvGy4wXy4wcz4wmzVvxzKvxzsv%xzMqzzJogAlnZAZl7CfliDwkFEokZEmk8FakjF_jjFJjjFqj7FejYE2jFE2jLD2jNCujPBWjYANk6ADlxzSm%xzNjxzujmzkjbz9jWy9jFy9juykjkyvjkyNj" /><g i="28" c="389" p="#^CyrvCyIvOyUv_y4wfz4wwz4wIzUvUzIvUzrv%UzNn%6LNn%6Lrv6LIviLUvuL4wLL4w0M4wcMUvoMIvoMrv%oM2foMNecMBe0MpeLLpeuLpeiLBe6LNe6L2f%6LBm%UzBm%Uz2fUzNeIzBewzpefzpe_ypeOyBeCyNeCy2f" /><g i="29" c="390" p="#^_INj_IujPIkjEI9jnI9j6I9jXHkjNHujNHNj%NHDqMHYrbH_sCG$tCFAuCE9vlDavoB8vlA_tizPshzPq%hzNjhzuj6zkjXy9jGy9jpy9jeykj4yuj4yNj%4y2r4yAsGyMthzXupACvyBhwaDhwVEgw0Gwv8HMuNHCt%NHsvNHLvYHWv7I4woI4wFI4wPIVv_IKv_Isv" /><g i="30" c="391" p="#^9Kge9K_d_JQdPJFdyJEdhJFd6JQdYI_dYIge%YI_lqIalHHukYGOjYFnjZEYiHDYi7CYiJALjjzykpy2mwxxnvxCp%vxGpwxLrpyetjzIuJAvv7ChwHDhwYEhwXFRvWGpvFHIupI_tYI8t%YIsvYILv7JWviJ4wzJ4wQJ4w_JWv9KLv9Ksv^PD6kaF7klGPkxHulgIJm$IXn0JBp%0JEp$IhrgIwsxHKtlGquaF6vPD7vtC6vkBrucAMtwzxsRyirPyCp%PyzpQyRnuzDm9AplhBMkqC7kPD6k" /><g i="31" c="392" p="#^oC9w%sC9wHC9wSC0w1DTv7DBv%MGal%oKBvuKTvFK0wQK9w3L9w%7L9wlL9wwL0wILTvOLCv%ZP9k0Q2k1QYj3QRj3QJj3QujUPkjJP9jrP9jbP9j1PijUOrjRODj%7Lru%qHDjlHpjbHhj2H9jOG9j%LG9jvG9jmGhjdGpj8GDj%sCru%LyGjGyrjwyijmy9j5y9jQx9jExkjsxvjsxLjsxRjtxYjvx2kyx9k%JBCvPBTv_B0waC9woC9w" /><g i="32" c="393" p="#^sDrvsDIvEDUvQD4w5E4wmE4wyEUvKEIvKErv%KEHf%lKHfBKHfMKwfXKlfXK5fXKReMKGeBKvelKve%RxveBxveqxGefxRefx5ffxlfqxwfBxHfRxHf%sDHf" /><g i="33" c="394" p="#^lxeylxqysxwyAxCyJxCyVxCyhynyFy9y0zPxmzuxwzSwHzfwHzdv%HzBuHzeusz$tezMtTyMtvyMtgy$t2yeu2yBu%2y6v2yuveyIvqyWvJy_vNyEwvy5xdyyxyxWxsxZxox2ylx8ylxey" /><g i="34" c="395" p="#^txTitx3jAx9jIxfjRxfj1yejpy0jNyOi8zsiuz7iEzwhPzUgPzRf%PzdfPzTeAzEelzpe$ypeEypepyEeayTeaydf%ayLfay7gmylgyyygRyDgVyghDyKhlybiGxyiAxCiwxIitxNitxTi" /><g i="35" c="396" p="#^Yv_z%2L_zhL_zrLQzBLGzBLszBLdzrL3zhLVy2LVy%YvVyJvVyzv3zpvdzpvszpvGzzvQzJv_zYv_z" /><g i="36" c="397" p="#^ayZj%ayFkay0loyflDytl$ytlmztlAzflPz0lPzFk%PzZjPzCjAzojmz9j$y9jDy9joyojayCjayZj^ayBu%aygvayDvoySvDy4w$y4wmz4wAzSvPzDvPzgv%PzAuPzduAz$tmzMt$yMtDyMtoy$tayduayBu" /><g i="37" c="398" p="#^4zsv4zKvfzVvqz4wHz4wYz4w6AVvhAKvhAsv%hAmk%gEmkvEmkFEckQE2kREPjQEzjGEpjwEfjgEfj%hAfj%hA0ihAogVABfyBNeSCNedDOexDReSDTeaEXesE_eFEReSEHeSEpeSEceJE2eBETdoERd4EMdIDJdkDGdSCGd0CGdlBWdGAaebAFeEzdfmz3g4zVg4z_h%4zfj%Ixfjtxfjixpj7xzj7xOj7x2khxcksxmkIxmk%4zmk^7Isv7IKviIVvtI4wKI4w$I4w9JVvkJKvkJsv%kJmk%jNmkyNmkINckTN2kUNPjTNzjJNpjzNfjjNfj%kJfj%kJ0ikJogYJBfBKNeVLNegMOeAMReVMTecNXevN_eINReVNHeVNpeVNceMN2eENTdrNRd7NMdLMJdnMGdVLGd3LGdoKWdJJaeeJFeHIdfpI3g7IVg7I_h%7Ifj%LGfjwGfjlGpjaGzjaGOjaG2kkGckvGmkLGmk%7Imk" /><g i="38" c="399" p="#^5y_v%0I_vfI_vpIQvzIGvzIsvzIdvpI3vfIVu0IVu%hzVu%aIhkhI9kkI1koIVjoIMj%oIKjoIyjdIpj2IfjPHfj%fyfj0yfjSxpjIxzjIxNjIx0kSxak0ykkfykk%EGkk%LxYuEx4vAxcvxxkvxxtv%xxvvxxHvHxRvSx_v5y_v" /><g i="39" c="400" p="#^iErviEIvuEUvGE4wXE4wcF4woFUvAFIvAFrv%AF2p%mMxfrMpfvMhfzM9fzM1fyMMelMBe9MpeVLpeILpezLwerLDekLNe%ZEUn%CyNevyCemywedype0ypeLxpeyxBelxNelx2flx8fnxffpxmftxsf%iE3p" /><g i="40" c="401" p="#^7Hsv7HKviHVvtH4wLH4w0I4wbIVvmIKvmIsv%mIIr%KKIrZKIr8LyrjLorjL9rjLWq8LMqZKBqKKBq%mIBq%mI_emIFe9IteZHgeEHgeqHgegHme7Hre0HAe%nxwqfxFqcxOqaxWqax1raxlrlxxrxxIrRxIr%7HIr^MyBq%7Heg%7HBq" /><g i="41" c="403" p="#^4zsv4zKvfzVvqz4wHz4wYz4w6AVvhAKvhAsv%hAmk%gEmkvEmkFEckQE2kREPjQEzjGEpjwEfjgEfj%hAfj%hA0ihAogVABfyBNeSCNedDOexDReSDTeaEXesE_eFEReSEHeSEpeSEceJE2eBETdoERd4EMdIDJdkDGdSCGd0CGdlBWdGAaebAFeEzdfmz3g4zVg4z_h%4zfj%Ixfjtxfjixpj7xzj7xOj7x2khxcksxmkIxmk%4zmk^oHifoHCfBHQfPH1g8I1gtI1gHIQfVICfVIif%VISeVIyeHIletI7e8I7ePH7eBHleoHyeoHSe^yHsvyHLvJHWvUH4w9I4wqI4wAIWvLILvLIsv%LINjLIujAIkjpI9j8I9jTH9jIHkjyHvjyHNj" /><g i="42" c="404" p="#^lyiflyCfyyQfMy1g5z1gqz1gEzQfSzCfSzif%SzSeSzyeEzleqz7e5z7eMy7eyylelyyelySe^_w4Afy5AZymzHzEyIz8x%IzNjIzujxzkjmz9j5z9jQy9jFykjvyvjvyNj%vydxuy6y3yyyFx$yZw$ySw_yIwZyzwZyqwZybwZy1w7zTvhzTvwzTvKz0wTz9w0Aow3Aww4AFw4APw4A_w4A" /><g i="43" c="405" p="#^yDhwkFhwHGzv3IQuQIztCJisDJFq%DJCqCJ1pQISn2IGmHG0mlFllEDllrCllwBClCASlNzhm%cAKf%lIKfCIKfNIzfYIofZI6fYIReNIGeCIvelIve%GzvepzvedzGe1zRe$ybf%AynmzyGmEyVmJy7nVygn2zmndzqnpzunDzunQztnjAenOA$mABMmmCxmvDvmEFxmXGFnfINoiIFq%iIJqfIEsZGStIF4vBD7vhC6v1BwuNzVtGyRsAyLsqyHshyDs7yCsSxDsGxPsvx_svxdtvxntzxwtDxEtNxOtSyRumAzvSBgwyDhw" /><g i="44" c="406" p="#^BysvByKvMyVvXy4wdz4wuz4wFzVvQzKvQzsv%Qzog%TLEv0MQvaMYvlM3wxM3w%DM3wSM3w$MVv8NLv8Nwv%8N1f8NLeZMAeOMpexMpefMpe4MAeVLLeVL1f%VLMt%4AOeYzDeOzxeEzqerzqe%ezqeZyqeNyCeByOeBy3f" /><g i="45" c="407" p="#^CyrvCyIvOyUv_y4wfz4wwz4wIzUvUzIvUzrv%Uz3o%iJ3oyJ3oJJUnUJJnUJtnUJdnJJ2nyJTmiJTm%UzTm%UzHf%qKHfGKHfRKwf0Llf0L5f0LReRKGeGKveqKve%fzve_yveOyHeCyTeCy8f" /><g i="46" c="408" p="#^NyrvNyIvZyUv9z4wqz4wHz4wTzUv3AIv3Arv%3A2f3ANeTzBeHzpeqzpe9zpeZyBeNyNeNy2f" /><g i="47" c="409" p="#^CylvCyCvOyOv_y_vfz_v%qE_vbHZvgJQumLGtwMIrHNKpINfn%INbnHNIkwMLimLOggJFfbHweqEve%fzve_yveOyHeCyTeCy8f^UzOu%UzHf%qEHfTGJfEIKgqKKhoLrjmM8lnMfn%nMinmMppoL5rqKNsEINtTGMuqEOu" /><g i="48" c="410" p="#^SvMySv$y$v8z8whznwhzzwhzHwbzQw5zVwXy%cIOceIJcfIEcgIycgItcgIec7I5c_HYbLHYbzHYbqH2ciH8cdHic%WvryUvwyTvBySvHySvMy" /><g i="49" c="411" p="#^CylvCyCvOyOv_y_vfz_v%cG_v3JZvLKIurMrttMdr%tMarsMZpVL8pnLiouKNnBJgnxI$mfJJmWJcmBKGl1LSktL1kuLRi%uLOiuLZhbLhhVKBgmK2gDJjftIVejHvePFve%fzve_yveOyHeCyTeCy8f^UzAm%UzHf%OFHfVHJf1JBg9KshaKWi%aKZi7KJkUIElGHzmGFAm^UzOu%UzMn%PFMnqINnNJGo8Lyp9Lar%9Ldr7LUsQJRtxINufGOu" /><g i="50" c="412" p="#^kygp%RDgp7EgpkE3pxESoxEzoxEhokE4o7ETnRDTn%kyTn2yTnRx4oExhoExzoExSoRx3p2ygpkygp" /><g i="51" c="413" p="#^pxxvpxMvAxWvLx4w$x4wdy4wnyZvxyRvDyCv%GA4r%$K4r%2NAv8NOviNXvtN4wHN4wZN4w8OVvjOKvjOuvjOoviOivhOcvdO4v%MGYeEGFerGveeGkeUFke%RFkewFkeiFve5FFeZEYe%vx8vrxfvqxmvpxsvpxxv^dBWp%RFOf%sKWp" /><g i="52" c="414" p="#^wGhwHIgwfKyvQLQu8NztdNvtgNotkNgtlN7tkNSs8NHsZMvsJMvszMvssMzslMCsgMHs2LTtHJvukI6vzG7vsE5vNC3u7B1t9Agrbzup9zen%9zbnbzZk8Adj5BshLCqgqEofxGmfmIofIJ0g2LDg6MEhbMJhiMMhqMPhzMPhQMPh1NDheNrheNaheN$g9NTg4NKg_MEgLLxfdKTeIIdezGce0Ede2Crf5AFgZyIiRxKkQxen%QxinRxQpYySr4AUt1C4v_DgwwGhw" /><g i="53" c="415" p="#^BGhwgJfweL$udNLtiOJroPGppPen%pPbnoPMkjOKieNIggLtfjJeeEGceZDee_Buf0AKgWyNiRxPkQxen%QxinRxJpWyLr$zNtYB0vWDfwBGhw^EG7vsE5vMC2u5B_s8Adrbzrp9zen%9zbnbz$k7Afj4BuhKCrgpEofBGmfNIofsKsg8Mvh5Nhj2O2l4Oen%4Oin2Oup5Nfr9M$suK2uQI5vEG7v" /><g i="54" c="416" p="#^CGhwzIgwaKEvOL0v2N1ufNStmNGtuNttuNht%uNznuNiniN6n6NWmRMWm%OGWmyGWmnG5ncGgnbGwncGMnnGXnyG6oOG6o%fM6o%fM8tgLZtPJyumI6vGG8vjE6vEC5uZA4t3Airazwp9zen%9zbnaz2l4Ahj$AwhDCsgfEofoGmfbInfqJSfFKlgEL8hLLehSLhhZLjh2MjhjMjhvM7hHMXgHMGgHMvgDMngzMegrM8gfLdfQJJepIcetGceRDeeVBvfZzLgVyOiRxRkQxen%QxinQxNpTyPrWzRtTB2vRDfwCGhw" /><g i="55" c="417" p="#^fz_v%GK_vWK_v5LPvgLEvgLovgL8v5LZuWKOuGKOu%UzOu%UzMn%qJMnGJMnRJBn0Kqn0Kan0KWmRJLmGJAmqJAm%UzAm%UzHf%yKHfOKHfZKwf8Llf8L5f8LReZKGeOKveyKve%fzve_yveOyHeCyTeCy8f%CylvCyCvOyOv_y_vfz_v" /><g i="56" c="418" p="#^BGhwgIhwHJMv6LevdMiu%cO5wkOcwsOgwAOlwLOlw1PkwdP8wpPYvpPGvpPuvkPmvgPdv6P5v%7NqtdOasPOBqpP$opPen%pPbnoPMkjOKieNIggLtfjJeeEGceZDee_Buf0AKgWyNiRxPkQxen%QxinRxJpWyLr$zNtYB0vWDfwBGhw^nIZq%iLttmKguaJHu$H6vEG7vsE5vMC2u5B_s8Adrbzrp9zen%9zbnbz$k7Afj4BuhKCrgpEofBGmfNIofsKsg8Mvh5Nhj2O2l4Oen%4Oin3ORozNcq4NyraMBs%iJZpaJSp1JOpVIJpLIJpsIJpgIWp4I6q3Ioq3IAq8IJqdIRqnIZq" /><g i="57" c="419" p="#^vFgwDHgweJovRKwuKLPsEM5rFMAo%FM2fFMNetMBehMpe0MpeLLpezLBenLNenL2f%nLJolLUrNJvteI5vyF6vLC4vbBptEzJrCzBo%Cz2fCzNeqzBeezpeZypeIypewyBekyNeky2f%kyJolybrfzTs9AyuMBpvnDgwvFgw" /><g i="58" c="420" p="#^wEewdGewwHEvQI1vzJZtjKUsjKtr%jKqrlKwpZImoBHcnzEBmwCamoBElhA5lSzokrzHjszMi%szJiuzjhDAogNBsfKDpf3FpffGOfrHbgAI3hGI8hNIbhUIdh$IdhgJchsJ0hEJQgEJzgEJngyJfgtJ6gnJ1gbI8fSGIexFfeODfe9CfeUASeDzsfUyvgayxhayRi%ayUi8ySkxz1mXAcn3EPn1Gdo6HKocIfpDIXp2JDq1Jyr%1JBr$I7tOH5uBG2vBE4vPC4voBxu_zZtHyOsCyKsvyHsoyEsgyEs$xFsPxRsDx1tCxitDxttHxBtMxJtSxOtkz0vXADvzCewwEew" /><g i="59" c="421" p="#^CyrvCyIvOyUv_y4wfz4wwz4wIzUvUzIvUzrv%Uzsp%DEsptGsp0IQozJcouKZmqLJlrLUj%rLRjrL8iCKYgOJMflI8fUGveYEve%fzve_yveOyHeCyTeCy8f^Uzgo%UzHf%REHffHIfGIMg6KQh9KWj%9KZj6KXlEI5naHeoIEgo" /><g i="60" c="422" p="#^CylvCyCvOyOv_y_vfz_v%GJ_vWJ_v5KPvgKEvgKovgK8v5KZuWJOuGJOu%UzOu%Uz2fUzNeIzBewzpefzpe_ypeOyBeCyNeCy2f" /><g i="61" c="423" p="#^CyrvCyIvOyUv_y4wfz4wwz4wIzUvUzIvUzrv%Uzxr%fE8n%kLQvoLXvwL$vFL4wQL4w5M4whMUvuMHvvMpvvMgvrM9voM2viMXu%aFdm%RLvfXLpf_Lif2Mbf2M2f1MOeRLCeFLpeoLpefLpe7Lte0LweYKBe%Uz_p%Uz2fUzNeIzBewzpefzpe_ypeOyBeCyNeCy2f" /><g i="62" c="424" p="#^QxuvQxKv_xVv9y4woy4wBy4wKyZvUySv0zHv%$EWn%2LMv9LVvhL$vqL4wBL4wRL4w1MVvdMJvdMuvdMmv9Mev6M6v$L_u%QF2n%OLqfTLkfWLdfZL6fZL$eZLLeOLAeELpepLpecLpe2LweVKDeNKOe%2Fbm%fzJe8zAe$yveTypeIypesypegyBe4yMe4y$e4y7f8yffcynfiyvf%fE3n%$x3vWx9vTxgvQxnvQxuv" /><g i="63" c="425" p="#^qDDvwDUvGD1wQDbw5Ebw%8EbwpEbwAE1wLETvPEDv%MJWg%JODvOOTvYO1w7PbwoPbw%rPbwIPbwSP1w1QTv7QDv%ZVpf0Wif1Wdf3W7f3W2f3WOeSVCeGVpeqVpebVpe1VyeUUGeOUWe%rP3u%tKVeoKHeeKye5KpeRJpe%OJpexJpenJyeeJHeaJVe%bE3u%Ty$eOyMeCyBerypeaypeUxpeHxCevxOevx4fvx8fwxefxxjfzxpf" /><g i="64" c="426" p="#^gEhw0GgwoHxvMIOuzJvtmKcsnKyq%nKvqmKWoxJKnIIymlHTl_FclnEclYCclVBFlSA6m7ARmozAnUysoRyLlxzJjeAGhxBxgQCofDEmfLFnfJGNfHHagCIXgII0hOI3hVI5h0J5hhJ4htJVgFJJgFJrgFJhgAJ9gwJ1goJWfmI5fdHFe5GceJEcexCdeXAuflzKgtyTiCx$kCxGn%CxJnCxwpSxNq6y1sByXs5zQtQzyuDAlvMBPvVChwgEhw^nE7vXC6vQBxuJAYt4AZsrz_rqzJq%qzGqrzAp2ABoFACnLB$mRCnmiElmpGomIHyn$IIo2Jyq%2JBq1JRrsITsTHUtQGvuNF6vnE7v" /><g i="65" c="427" p="#^8CwriCwrpCprwChryC3r%KChocE6ooFvnBGTmiHPl0IKk1Ibj%1I8j1INhmHHgIGAfuFXegEheCCgeKAheoz1f2yMf3xZg_w3hYwahWwghWwohWwEh4xOhexXhuxXhExXhMxThUxOh_xHhVyDg0A1g8BqfzCpfRDqfMEXfIFrgcGihIG8iJGbj%JGejHG3lpF4m7E4n_BcnIBenyBpnpBAnqBQn%HB3rJBhrQBprXBwr5Cwr^iBAu%iBgviBDvwBSvLB4w7C4wuC4wICSvXCDvXCgv%XCAuXCduIC$tuCMt7CMtLBMtwB$tiBduiBAu" /></glyphs></font><font id="30" name="Open Sans Charset1 5zpGmKU7u5l"><glyphs><g i="0" c="384" p="#^aA$v%8y$v%8yDi%aADi^Zx$eZxiejy_dFyFdazFdFzFd$z_dmAjemA$emAGf$z0gFzmgazmgFymgjy0gZxGfZx$e" /><g i="1" c="385" p="#^iH$v%iHkniHIlyGVkPF5kdE5k7C5k8BelaAmmaAZo%aA$v%7y$v%7yDi%NzDi%7Ark%dArkRAsjYBWi4DnitEniTGni5IyjkJIkkJgn%kJ$v" /><g i="2" c="386" p="#^aEbk%MAbk%MA$v%Ky$v%Kybk%lwbk%lwgj%Kyyi%KyOhKyTc1DTc6ETcxFid%0FWeRDye0DyeSByejBjfMA3gMALh%MACi%aECi" /><g i="3" c="387" p="#^HJipHJzs1IpuoGfwuDfwHBfwiApvVyzu8y_soxproxipox0m1zckGAnizDninGni1IfkHJ6mHJip^vzhpvzSrwActyByuxDyuwFyuyGctAHSrAHhpAHKmyGqlwF5kwD5kwB5kvAplvzImvzhp" /><g i="4" c="388" p="#" /><g i="5" c="389" p="#^HMVmHMjrhKFtUH$voD$v%ry$v%ry9e%VD9e4I9enKtgHMMiHMVm^uKZmuKujKIJh_GYfxDYf%wAYf%wAcu%2DcuLGcuCInsuKyquKZm" /><g i="6" c="390" p="#^0wDi%byDi%7Bfq4CSsjC0u%pC0uzCot3DUrADnqoGDi%zIDi%PCRxYB5APA2BGz$B0y$B5x$BbwNB%bw9ASwjAHxjANzjAGAZx%pB3w" /><g i="7" c="391" p="#^2ADi%2Air2AWsNAKtxByu7DyudFyubGpt9Hfs9HEp%9HDi%bJDi%bJ$v%wH$v%dHcu%6HcuuGbvnFJvhEfwSCfwqAfwcz5v$xWt$xnr%$xDi" /><g i="8" c="392" p="#^iH$v%iHlniHJlyGWkPF6kdE6k6C6k8BflaAomaA$o%aA$v%7y$v%7y$c%aA$c%aALiaANj3Atk%bAtkOAwjUBZi$CpiqEpiTGpi5IAjkJKkkJgn%kJ$v" /><g i="9" c="393" p="#^ODfwQAfw6zruoxDsoxqpoxam_yhkAAnigDniNFnifH1kJIGlJIoo%JIGp%vzGpzz1sHAgtPBuuTDuu1Guu8IAt%8Inv3HRv6G2w9FfwODfw^fD4kEB4kGA7lJzamyz1o%yG1oyG6mHF5lQE4kfD4k" /><g i="10" c="394" p="#^nG$v%ZF5u%TF5uTElvTDOvTCfwoBfwpzfwgydv8xbu8xis8xfoDD2o%UF_n%UF8nUFAldFQkyE4k2D4knB4kgz5l%EyyjDz0jOAJi_BpiaDpizFpiJGtjTHwkTHSm%TH$v^OBAuHDAuMEytRFvsRFDq%RFqp%PDvppBApkAfqgzWqgzksgzptWz$tBAAuOBAu" /><g i="11" c="395" p="#^fEni8FniRFwi%zFokKEdk5EdktCdkjBxlaARmaAPo%aA$v%8y$v%8yDi%PzDi%2A5l%8A5lUANjXB4j_CnifEni" /><g i="12" c="396" p="#^tCAu$CAuvDvu$DpuiEku%iETvZD1wkD8wHCfwaCfwhyfwhy9s%hyck%nwck%nwdj%hyni%8zxf%jAxf%jADi%cEDi%cEck%jAck%jA3sjAhtUAXttBAutCAu" /><g i="13" c="397" p="#^bP$v%bPhnbPHlvOUkQN5koM5kuK5kAJblHIgmHIwo%HI$v%FG$v%FGhnFGHlZFUkiF5kRD5kXB5k2BelaAnmaAZo%aA$v%8y$v%8yDi%NzDi%7Ask%dAskNAtjQBWiTCniaEnijHnigIDk%nIDkZIBj5K_ieLniHMniYOni4QyjdRIkdRgn%dR$v" /><g i="14" c="398" p="#^MGlsMGdunFev_DfwtBfwPyfwkxov%kxwthy$toziuvAAuwBAu6DAuYD4uPEztPEwsPEKr7EbrsDDqvBSpDzapQyFo2y7oFxtnhxPmhxUlhxgkCykjYznigCniqEniuGfj%MFVkLD4k7C4kGA4kXzxkdzZkdzMldzimuzHmMz3nnApn_AKnJCoo5FfpWF8qMG0rMGls" /><g i="15" c="399" p="#^uDfwAAfw_ysuoxFsoxopox1m$yckDAniDDniBEniyFAiwGNi3H3j%sGNkNFwk_ElkbEakADakvzakvznpvzRruAatuBuurDuu6FuuTGLt%TGyvxFfwuDfw" /><g i="16" c="400" p="#^wz4r%wzpqwz_oYz3opA8nBB6mgDJkHD0k7Eij7Eii7E2hkDngxCIf1BIf3AIf8zWfey8g2xLg%kw5fDyUd8BUduDUdME1f3Gag3Ggi3G9jQFRjBFwk7F7lFEJl7D3nUB6ouBPo5Bvp5BGq%5B4r^WyIuWy2toA2t5B2ttBttSBUtSBIuSBuvtBWv4BmwoAmwLzmwkzZvWyAvWyIu" /><g i="17" c="401" p="#^4GLf8DLfrBIhKzFjKz4nKzAqnBvs0Dpu3GpuWHpujKKt%jKyvtIfwKFfwOBfwFzStwxsrwx2nwxhkyyciAz7gwB0ftDUd6GUdWIUd0LVe%8KHg5ILf4GLf" /><g i="18" c="403" p="#^8A8pGAooLBbn%3GDi%tIDi%2Djo%RI$v%oG$v%GBGp%8A_q%8A$v%8y$v%8y$c%8A$c%8A3n8AKn2A8p" /><g i="19" c="404" p="#^mEfw3DfwZBMvUAhvaAhu%0AhuaAsvaAvw%aA$B%8y$B%8yDi%NzDi%3Ark%aArkYAlj_BSi0DnimEni0HnisIbkVJ$lVJipVJBsrIquZGfwmEfw^3E5k0C5k5BelbAmmaARo%aAhpaA6s6Bkt2Cyu7EyuRFyuQG8tPHKrPHgpPHMmQGrlRF5k3E5k" /><g i="20" c="405" p="#^Mz9e%YzqeDzEf1zghryTiNxgk%iwgk9xNgyx9e" /><g i="21" c="406" p="#^eHcu%7HcuKFfwXCfwjAfwRysuoxFsoxlpox1mSyckkAniXCniFFni6Hlk%gHlk%bHnj%7Hri%7H$c%9J$c%9J$v%wH$v^bDyugFyubGqt7Hhs7HMp%7Hlp7HvmaGileF4kaD4koB4krAtlvzRmvzmpvzWrrAetnByubDyu" /><g i="22" c="407" p="#^5JDi%5JVj%DGckYGDkdHjlvH$lvHSmvHQo9G$pPEartCarSBarlB3r2ALr2AOs2AltvACtYATt2CTt%qETtBGTtLHOuWIIvWIrxWIFz8HQAmF$BXB$Bjz$BUx0Btw2Atwfytw1xfx8w1yfvszXuXyIuAydueyKtey4teylsDyOr0zfrSzKqQyjqayipwxgowxXmwxLkQyzj9AniACniDDnitEDi^qyeyqykzkzUzfAsAZBsAwEsAKFHzZGWyZGCxZGwwiG5wDFHvMDHv%lBHvZzHvbzlwqy$wqyey^wzVmwziojA1p6BLpxCLpvFLpvFSmvFSjuCSj3BSjhADkwzolwzVm" /><g i="23" c="408" p="#^RxIuRxTtdyttBy2tiz2t$z2toAttOATtOAIuOAvvoAXv_zmwizmwGymwfyZvRxAvRxIu" /><g i="24" c="409" p="%^sy$vsy9ewA9ewA$v" /><g i="25" c="410" p="#^gA5t%sAmt7ABuxzcwXyPxhydz%Mwdz5xXxux3wUxcu2y5t" /><g i="26" c="411" p="%^aA$v8y$v8y$caA$c" /><g i="27" c="412" p="#^mEpi$GpisIckVJ$lVJipVJBsrIquZGfwmEfw3DfwZBMvUAhvaAhu%0Ahu%Bz$v%8y$v%8y$c%aA$c%aAChaAaj3Apk%aApkABpimEpi^3E6k$B6k4BilaAumaAipaA6s6Bkt2Cyu7Eyu_FyuUGbtPHPrPHgpPHFmUGol_F6k3E6k" /><g i="28" c="413" p="%^4J$vCG8o#oGqnLFTkFFTk#9F0nNEaogC$vWz$vgwDioyDi#HzFnmAiq#2BWs8BRtfBRt#nB9tGB2s#ZBXqcCiqFEDiRGDieJiq#WJosaKPtgKPt#jKntxKts#LKyr4NDiaPDiuL$v" /><g i="29" c="414" p="#^0O$v%ZL$v%nI2k6IfjOH2iuHQgtHBgcHciCG6k%7D$v%3B$v%kw9e%wy9e%lBapWBurbCntwC8raD$o%mG9e%zI9e%WL5pvM_qVMnt8NErNN8p%BQ9e%OS9e" /><g i="30" c="415" p="%^oM$v0K$vgA0haA0h#mAFjmARlmA$vsy$vsy9eOA9ewK3tCK3t#BKKsvKYq#qK9prKoorK9eoM9e" /><g i="31" c="418" p="#^wIfrwICtOGXu5FfwaCfw$yfwhxqv%hxqtoyUtGzauZArueCrujErumFEtqGRsqGrrqGwq2GWpGFkpOEQoWDko8CHnFzOmAyAlwxmkwxoiwxkg3z6fDAUdaDUdQFUd3ISe%qHGgcFLf7DLftBLfyAsgDz9hDzqiDzljYzXjiAxk6B1lWBwlBD6mpG7nsHgowIppwIfr" /><g i="32" c="419" p="%^XD$vSB$vSB$fdw$fdw9eBJ9eBJ$fXD$f" /><g i="33" c="420" p="#^wAAo%wA$v%sy$v%sy9e%lD9eDG9ebIpfMJFgMJbjMJKmaGZn%0L$v%zI$v%fEAo^wAOm%mDOmzFOmAGWlCH2lCHijCHxhzGLgxFZfdDZf%wAZf" /><g i="34" c="421" p="#^WL9e%WLIpWLLs4KvueIfw0FfwOBfw1AuugyJsgyFp%gy9e%lA9e%lAOplA1szBetNCru9FrupHruDIetRJ1sRJNp%RJ9e" /><g i="35" c="422" p="#^XN2nXNkrMLOtCJfwLFfwOBfwFzRtwxqrwx1nwxGiFzhgPBTdMFTdCJTdMLjgXNLiXN2n^Jz2nJzHqfBzsOCruLFruJIrudKzsKLHqKL2nKLsjdKBhJIKfMFKfOCKffBChJztjJz2n" /><g i="36" c="423" p="#^MJljMJ3mVHxn3G_oDC_o%wA_o%wA$v%ry$v%ry9e%4D9eMJ9eMJlj^wAcn%oCcn8FcnmGjmBHplBHsjBHGhrGPgiFYfRCYf%wAYf" /><g i="37" c="424" p="%^FJ$vsHkqiAkq5y$v$v$v2D4eOE4eQL$v^OGsoJEWi#kEShUDlg#DDwh7DWi1Bso" /><g i="38" c="425" p="#^JE$v%LC$v%LChjLCHhRChgACxggCPgYB5hmzcj%hyOh%0D9e%JE9e" /><g i="39" c="426" p="%^4B$v$vDiayDi2Byq#1CktcC9uiC9u#qCwt8Dur#SDsplGDixIDirD$v" /><g i="40" c="427" p="#^aEbk%MAbk%MA$v%Ky$v%Kybk%lwbk%lwgj%Kyyi%KyOhKyTc1DTc6ETcxFid%0FWeRDye0DyeSByejBjfMA3gMALh%MACi%aECi^EI$v%CG$v%CGDi%EIDi^rG$erGieNG_d7HFdEHFd7IFdtI_dQIjeQI$eQIGftI0g7ImgEHmg7HmgNG0grGGfrG$e" /></glyphs></font><font id="40" name="Gotham Rounded LightBold Charset1 6oD9MsbJZAo"><glyphs><g i="0" c="264" p="#^iErviEIvuEUvGE4wXE4wcF4woFUvAFIvAFrv%AF2p%mMxfrMpfvMhfzM9fzM1fyMMelMBe9MpeVLpeILpezLwerLDekLNe%ZEUn%CyNevyCemywedype0ypeLxpeyxBelxNelx2flx8fnxffpxmftxsf%iE3p" /><g i="1" c="265" p="#^fz_v%GK_vWK_v5LPvgLEvgLovgL8v5LZuWKOuGKOu%UzOu%UzMn%qJMnGJMnRJBn0Kqn0Kan0KWmRJLmGJAmqJAm%UzAm%UzHf%yKHfOKHfZKwf8Llf8L5f8LReZKGeOKveyKve%fzve_yveOyHeCyTeCy8f%CylvCyCvOyOv_y_vfz_v" /><g i="2" c="284" p="#^wEewdGewwHEvQI1vzJZtjKUsjKtr%jKqrlKwpZImoBHcnzEBmwCamoBElhA5lSzokrzHjszMi%szJiuzjhDAogNBsfKDpf3FpffGOfrHbgAI3hGI8hNIbhUIdh$IdhgJchsJ0hEJQgEJzgEJngyJfgtJ6gnJ1gbI8fSGIexFfeODfe9CfeUASeDzsfUyvgayxhayRi%ayUi8ySkxz1mXAcn3EPn1Gdo6HKocIfpDIXp2JDq1Jyr%1JBr$I7tOH5uBG2vBE4vPC4voBxu_zZtHyOsCyKsvyHsoyEsgyEs$xFsPxRsDx1tCxitDxttHxBtMxJtSxOtkz0vXADvzCewwEew" /><g i="3" c="285" p="#^BysvByKvMyVvXy4wdz4wuz4wFzVvQzKvQzsv%Qzog%TLEv0MQvaMYvlM3wxM3w%DM3wSM3w$MVv8NLv8Nwv%8N1f8NLeZMAeOMpexMpefMpe4MAeVLLeVL1f%VLMt%4AOeYzDeOzxeEzqerzqe%ezqeZyqeNyCeByOeBy3f" /><g i="4" c="292" p="#^BGhwgJfweL$udNLtiOJroPGppPen%pPbnoPMkjOKieNIggLtfjJeeEGceZDee_Buf0AKgWyNiRxPkQxen%QxinRxJpWyLr$zNtYB0vWDfwBGhw^EG7vsE5vMC2u5B_s8Adrbzrp9zen%9zbnbz$k7Afj4BuhKCrgpEofBGmfNIofsKsg8Mvh5Nhj2O2l4Oen%4Oin2Oup5Nfr9M$suK2uQI5vEG7v" /><g i="5" c="293" p="#^CyrvCyIvOyUv_y4wfz4wwz4wIzUvUzIvUzrv%UzKo%DFKo%$KKv6LUvfL_voL4wAL4wRL4w1MUveMHvfMpvfMivbMbv8M4v2MYu%4HwozIjoIJInSK4nwL1mbM_kbMwj%bMtjbMxiRLHhvLRgTKdg4KqfPIZezHveYFve%fzve_yveOyHeCyTeCy8f^UzAn%UzHf%TFHfgIJfAJKgUKKhVKwj%VKzjUKRkdKKlzJDmqI5nhHznOFAn" /><g i="6" c="296" p="#^CyrvCyIvOyUv_y4wfz4wwz4wIzUvUzIvUzrv%Uz3o%iJ3oyJ3oJJUnUJJnUJtnUJdnJJ2nyJTmiJTm%UzTm%UzHf%qKHfGKHfRKwf0Llf0L5f0LReRKGeGKveqKve%fzve_yveOyHeCyTeCy8f" /><g i="7" c="297" p="#^CyrvCyIvOyUv_y4wfz4wwz4wIzUvUzIvUzrv%UzNn%6LNn%6Lrv6LIviLUvuL4wLL4w0M4wcMUvoMIvoMrv%oM2foMNecMBe0MpeLLpeuLpeiLBe6LNe6L2f%6LBm%UzBm%Uz2fUzNeIzBewzpefzpe_ypeOyBeCyNeCy2f" /><g i="8" c="306" p="#^qDDvwDUvGD1wQDbw5Ebw%8EbwpEbwAE1wLETvPEDv%MJWg%JODvOOTvYO1w7PbwoPbw%rPbwIPbwSP1w1QTv7QDv%ZVpf0Wif1Wdf3W7f3W2f3WOeSVCeGVpeqVpebVpe1VyeUUGeOUWe%rP3u%tKVeoKHeeKye5KpeRJpe%OJpexJpenJyeeJHeaJVe%bE3u%Ty$eOyMeCyBerypeaypeUxpeHxCevxOevx4fvx8fwxefxxjfzxpf" /><g i="9" c="307" p="#^NyrvNyIvZyUv9z4wqz4wHz4wTzUv3AIv3Arv%3A2f3ANeTzBeHzpeqzpe9zpeZyBeNyNeNy2f" /><g i="10" c="308" p="#^BysvByKvMyVvXy4wdz4wuz4wFzVvQzKvQzsv%QzOg%gG8qnGiqvGoqEGtqPGtq_Gtq6HoqfHiqmH8q%ONOg%ONrvONIv_NUvaO4wrO4wIO4wUOUv4PIv4Prv%4P3f4POeUOCeIOqerOqe%jOqe6OqeXNxeNNDeGNOe%RGRo%0AOeTzDeJzxezzqemzqe%ezqeZyqeNyCeByOeBy3f" /><g i="11" c="309" p="#^CGhwzIgwaKEvOL0v2N1ufNStmNGtuNttuNht%uNznuNiniN6n6NWmRMWm%OGWmyGWmnG5ncGgnbGwncGMnnGXnyG6oOG6o%fM6o%fM8tgLZtPJyumI6vGG8vjE6vEC5uZA4t3Airazwp9zen%9zbnaz2l4Ahj$AwhDCsgfEofoGmfbInfqJSfFKlgEL8hLLehSLhhZLjh2MjhjMjhvM7hHMXgHMGgHMvgDMngzMegrM8gfLdfQJJepIcetGceRDeeVBvfZzLgVyOiRxRkQxen%QxinQxNpTyPrWzRtTB2vRDfwCGhw" /><g i="12" c="312" p="#^pxxvpxMvAxWvLx4w$x4wdy4wnyZvxyRvDyCv%GA4r%$K4r%2NAv8NOviNXvtN4wHN4wZN4w8OVvjOKvjOuvjOoviOivhOcvdO4v%MGYeEGFerGveeGkeUFke%RFkewFkeiFve5FFeZEYe%vx8vrxfvqxmvpxsvpxxv^dBWp%RFOf%sKWp" /><g i="13" c="329" p="#^CylvCyCvOyOv_y_vfz_v%GJ_vWJ_v5KPvgKEvgKovgK8v5KZuWJOuGJOu%UzOu%Uz2fUzNeIzBewzpefzpe_ypeOyBeCyNeCy2f" /><g i="14" c="330" p="#^wGhwHIgwfKyvQLQu8NztdNvtgNotkNgtlN7tkNSs8NHsZMvsJMvszMvssMzslMCsgMHs2LTtHJvukI6vzG7vsE5vNC3u7B1t9Agrbzup9zen%9zbnbzZk8Adj5BshLCqgqEofxGmfmIofIJ0g2LDg6MEhbMJhiMMhqMPhzMPhQMPh1NDheNrheNaheN$g9NTg4NKg_MEgLLxfdKTeIIdezGce0Ede2Crf5AFgZyIiRxKkQxen%QxinRxQpYySr4AUt1C4v_DgwwGhw" /><g i="15" c="331" p="#^vysvvyLvGyWvRy4w6z4wnz4wxzWvIzLvIzsv%IzgeIz_dxzPdmzEd5zEdQyEdFyPdvy_dvyge" /><g i="16" c="348" p="#^lyiflyCfyyQfMy1g5z1gqz1gEzQfSzCfSzif%SzSeSzyeEzleqz7e5z7eMy7eyylelyyelySe^vysvvyLvGyWvRy4w6z4wnz4wxzWvIzLvIzsv%IzNjIzujxzkjmz9j5z9jQy9jFykjvyvjvyNj" /><g i="17" c="349" p="#^YDhwzFgwLGGvXH4vTI5uYI0u_IWt0JPt0JJt0JutQIjtFI7tqI6tiI6tbIat5Iet0IjtfH5ufGCugF7v0E8vyC7vmBouaAFttzqsNyarMyCp%MyzpNy1oszOm8AzliBRksC6kWD5kcF7k9GEk6H8lTHUlYHZl3I0mbI2miI2mzI2mKITlWIHlWIqlWIhlTIalQI2lLIZkVH8kKGzjAFZiYDYi6CZiEAUjazOkjyjmtxPnsxCp%sxGptxtrjyZsaztuDAnv5CgwYDhw" /><g i="18" c="358" p="#^kysvkyLvvyWvGy4wXy4wcz4wmzWvxzLvxzsv%xzUs%ECMp%xHPvGHYvNH0wVH5w3I4wkI4wuIXvFINvFIwvFInvCIhvAIavuI3v%uDUo%9I8khI2kjIYjmIRjmIJjmItjbIjj1I9jNH9jFH9jyHcjsHejmHkj%xzqr%xzhexz$dmzQdbzFdWyFdFyFduyQdky$dkyhe" /><g i="19" c="359" p="#" /><g i="20" c="360" p="#^zCdw5DdwxD7w_D1wmEVvyEQvFEIvMEzvMEnvLE8vAE_uqEQucEQu5ERuLDYupD3vMC4vDB5vWAxueAYtcABs%cAmk%cEmkrEmkCEckNE2kNEPjNEAjCEqjrEfjcEfj%cAfj%cAHfcAqf1AffSz4fBz3fkz4f9zff$yqf$yHf%$yfj%Dxfjoxfjdxpj2xzj2xOj2x1kdxckoxmkDxmk%$ymk%$yJs1zxu1Aov2BewzCdw" /><g i="21" c="361" p="#^kysvkyLvvyWvGy4wXy4wcz4wmzWvxzLvxzsv%xzCoyzhn7AgmIAelIBFkIC4kZD3kWF5kZGgl0Iqm1Iqo%1Isv1ILvcIWvnI4wEI4wVI4w3JWveJLveJsv%eJboeJFmDIul1IikUGDjMFYi8EYipCZihBJjaAtkxzDl%xzgexz$dmzQdbzFdWyEdFyFduyQdky$dkyge" /><g i="22" c="383" p="#^Ky1pSyBnvzum8Anl9BKkaC4ksD3kVE5kUFNkTGtlpHBmXHJn1I1p^GIduNI5uQI_tTITtTINtTIxtIIntxIdthIdt8Idt2IgtYHjtTHot6H9u6GEu6F7vLD8vuC7voByuiAYtAzQsTyIrKy6q%LI6q_I6q9JYplJNplJyplJInDIdmVHJkBGRjiFZivDYiLBZioASj1zKkfyemtxJnsxBp%sxEptxErjy8tazDuAAsv$BhwIDhwpFhwAGJvMH9vGIdu" /><g i="23" c="384" p="#^kysvkyKvvyVvGy4wXy4wcz4wmzVvxzKvxzsv%xzet3A2uOALuxBrvwCSvwDhwOEhwmGhwMHuvaJHu3KctZKIr_KCp%_KzpZKun3K0maJxkMHLjmGYiOEYixDYiyCojzBQjPAxk4Aelxz5m%xzgexz_dmzQdbzFdWyEdFyFduyQdky_dkyge^GE7vjD6v7CruYALtdAxsuzirtzEp%tzBpuzYndAKmYAvl7CPkjD7kGE6k0G7k8HOkhItlYIImEJXnGJCp%GJGpFJor_ICskIPtbHtu3G6vGE7v" /><g i="24" c="385" p="#^_INj_IujPIkjEI9jnI9j6I9jXHkjNHujNHNj%NHDqMHYrbH_sCG$tCFAuCE9vlDavoB8vlA_tizPshzPq%hzNjhzuj6zkjXy9jGy9jpy9jeykj4yuj4yNj%4y2r4yAsGyMthzXupACvyBhwaDhwVEgw0Gwv8HMuNHCt%NHsvNHLvYHWv7I4woI4wFI4wPIVv_IKv_Isv" /><g i="25" c="386" p="#^ZDhwTFgwlHmvQIruGJXswKqrxKCp%xKzpwKMnGJgmRIMknHTjWFZi0EYi6CZiDAUj9zOkjyjmtxPnsxCp%sxGptxtriyZs8ztuBAnv3CgwZDhw^0E8vxC7vlBouaAFttzqsNyarMyCp%MyzpNy2orzPm6AAlgBRkrC6kZD5ksF6kDGRkPHAlvIQmcJ3odJCp%dJGpcJbrxIqsTHFtIGouyF7v0E8v" /><g i="26" c="387" p="#^kysvkyLvvyWvGy4wXy4wcz4wmzWvxzLvxzsv%xzCoyzhn7AgmIAelIBFkIC4kZD3kWF5kZGgl0Iqm1Iqo%1Isv1ILvcIWvnI4wEI4wVI4w3JWveJLveJsv%eJboeJFmDIul1IikUGDjMFYi8EYipCZihBJjaAtkxzDl%xzNjxzujmzkjbz9jWy9jFy9juykjkyvjkyNj" /><g i="27" c="388" p="#^2yAu%2ygv2yDvgySvvy4wTy4wez4wszSvHzDvHzgv%HzAuHzdusz$tezMtTyMtvyMtgy$t2ydu2yAu" /><g i="28" c="389" p="#^CyrvCyIvOyUv_y4wfz4wwz4wIzUvUzIvUzrv%Uzsp%DEsptGsp0IQozJcouKZmqLJlrLUj%rLRjrL8iCKYgOJMflI8fUGveYEve%fzve_yveOyHeCyTeCy8f^Uzgo%UzHf%REHffHIfGIMg6KQh9KWj%9KZj6KXlEI5naHeoIEgo" /><g i="29" c="390" p="#^sDrvsDIvEDUvQD4w5E4wmE4wyEUvKEIvKErv%KEHf%lKHfBKHfMKwfXKlfXK5fXKReMKGeBKvelKve%RxveBxveqxGefxRefx5ffxlfqxwfBxHfRxHf%sDHf" /><g i="30" c="391" p="#^cChw0EfwdFxvqGPu4HSt%4Hsv4HLveHWvpH4wGH4wXH4w5IWvgILvgIsv%gI2ogITmXH_lCH4lZGrkhGLjgFpjfE2jYC2jKB2jJAjjIzzjLy$jEy1kwyakpyjkoyykpyNkzyYkKy6lZy7l1z7l5z6laz4lfz2l1AFkWArkQBckTCbkSEbkYFbl3Ham4H6o%4HEoaGpo9Fgo9E6oRC6okA6oPybpjxfqhxes%hxisixCt0yvuLyovSzRv_AhwcChw^gC8vhB7vrANuCzru5zOtAy8tzyds%zyasAyPqFz0qKAdpMCbp8EcpdFnpiGyp5HMp%5Hdr4HosqGgtMF8uGEEuBD7vgC8v" /><g i="31" c="392" p="#^kysvkyLvvyWvGy4wXy4wcz4wmzVvxzKvxzsv%xzMqzzJogAlnZAZl7CfliDwkFEokZEmk8FakjF_jjFJjjFqj7FejYE2jFE2jLD2jNCujPBWjYANk6ADlxzSm%xzNjxzujmzkjbz9jWy9jFy9juykjkyvjkyNj" /><g i="32" c="393" p="#^9Kge9K_d_JQdPJFdyJEdhJFd6JQdYI_dYIge%YI_lqIalHHukYGOjYFnjZEYiHDYi7CYiJALjjzykpy2mwxxnvxCp%vxGpwxLrpyetjzIuJAvv7ChwHDhwYEhwXFRvWGpvFHIupI_tYI8t%YIsvYILv7JWviJ4wzJ4wQJ4w_JWv9KLv9Ksv^PD6kaF7klGPkxHulgIJm$IXn0JBp%0JEp$IhrgIwsxHKtlGquaF6vPD7vtC6vkBrucAMtwzxsRyirPyCp%PyzpQyRnuzDm9AplhBMkqC7kPD6k" /><g i="33" c="394" p="#^rCewGDewFENvFFkveGvuQGFtQGws%QGtsPGmrcGGqBF_pEEApHDapECUoIBEoUAlo5A1oBzAn5z7n4zqm%4znm6zolTzNkFAak_B8kVC9kODrkIEIkxFblBFelGFglMFilUFil8GhljG7luGYkuGIkuGuknGmkhGdk9G8keFCj9Ejj4D$i1C$i9A0j0z_jTxYkRxwm%RxzmSxHnvymo9z0p9App9BNpdC3q6DjqTDDqEEWq6FprAFTrBFCs%BFGszFNtHEruQD4vwC5vnB5vjAKufzmugyEtbyAt4yytZxwtSxwtCxwtrxHtgxStgx6ugxgukxpupxxuuxBuuykvOzNv6BewrCew" /><g i="34" c="395" p="#^JLdw$LcwaM1wmMSvnMzvnMnviMfvdM6v3MZu%lJas$JhrAKfqaLcpJL0oLLXnMLRnOLLnOLHnNLqnCLfnrL4naL3nVK4nMKcnDKknBKrn7KxoBJvp4JtqvIir%UDzmWFTl2HMkaIFjbI1i%bI_hbIWgFH4g7HdfdGJejFceaEcedCee0BlfQzrgOz9i%OzdiNzhjgAdkLA8lKBdmBz$mqyiofxApexlr%exorexQsWxWtDy$uQzDv1BewBCewlEewPFsviHGuwIdt%7LWvfL2wnL7wwLdwJLdw^6DMlZBzkwBMj3BYi4B9i%4B6i6BVgXB6gMCjf7EhfkFjf5G4gTGRgVG1i%VG5iUGkjXFfk$Eal6DMl^CC7vNA4vFz1uyyZswylr%wyirwy$ptzTorALnwC0n%IHnsCGFtlFou4E6vCC7v" /><g i="35" c="396" p="#^CylvCyCvOyOv_y_vfz_v%qE_vbHZvgJQumLGtwMIrHNKpINfn%INbnHNIkwMLimLOggJFfbHweqEve%fzve_yveOyHeCyTeCy8f^UzOu%UzHf%qEHfTGJfEIKgqKKhoLrjmM8lnMfn%nMinmMppoL5rqKNsEINtTGMuqEOu" /><g i="36" c="397" p="#^WD1AlF1AwGBzIH9zyIkyjJzxKJuw9Kpv9K0u%9KNj9Kvj_JkjPJ9jyJ9jhJ9j6JkjYIvjYINj%YIOl9IDkRGPjxF_iDDYi2CYiFAIjhzrkoyOlwx8nvx_o%vx2pwxTqoydshzztFAiu2C1vDD1vvF$uPG9u7IjtYI5s%YIXtVIowxHDxaGTyXDUyCCUynBty8A3y2zgxZydxUybxPy9xHy9xryaxfylx4ywx3yKx3yVx8y2ydybylyhyAz9z_ABzoC1AWD1A^LDTtpCStiBftbADswzxrRyrqPy_o%PyXoQysnvznmaAilhBJkoC7kLD6k5F7khGJkuHjleIpm$Iun0JZo%0J0p$IuqeIAruHFshGgt5FStLDTt" /><g i="37" c="398" p="#^kyszkyLzvyVzGy4AXy4Acz4AmzVzxzLzxzsz%xzft3A3uOALuxBrvwCSvwDhwOEhwmGhwMHuvaJHu3KctZKIr_KCp%_KzpZKun3K0maJxkMHLjmGYiOEYixDYiyCojzBQjPAxk4Aelxz5m%xzNjxzujmzkjbz9jWy9jFy9juykjkyujkyNj^GE7vjD6v7CruYALtdAxsuzirtzEp%tzBpuzYndAKmYAvl7CPkjD7kGE6k0G7k8HOkhItlYIImEJXnGJCp%GJGpFJor_ICskIQtbHtu3G6vGE7v" /><g i="38" c="399" p="#^Sz4AdB6AfCgzhDry6Esw%iJ5kkJ0klJXjmJSjmJNjmJvjbJkj0J9jKI9jvI9jmIhjdIpj8IBj%HDFu%ByFjvyrjmyijdy9jXx9jFx9jtxkjixvjixNjixTjkxZjmx3kox9k%5DXv%0D6wpCxxHBeyZAXyXzXynzXy_ySyCyOyjyHycyEy6yCy0yAyWxAyGxByvxLylxVylx9zlxmzrxuzxxDzHxHzbyTzIyZzez4ASz4A" /><g i="39" c="400" p="#^4zsv4zKvfzVvqz4wHz4wYz4w6AVvhAKvhAsv%hAmk%gEmkvEmkFEckQE2kREPjQEzjGEpjwEfjgEfj%hAfj%hA0ihAogVABfyBNeSCNedDOexDReSDTeaEXesE_eFEReSEHeSEpeSEceJE2eBETdoERd4EMdIDJdkDGdSCGd0CGdlBWdGAaebAFeEzdfmz3g4zVg4z_h%4zfj%Ixfjtxfjixpj7xzj7xOj7x2khxcksxmkIxmk%4zmk^oHifoHCfBHQfPH1g8I1gtI1gHIQfVICfVIif%VISeVIyeHIletI7e8I7ePH7eBHleoHyeoHSe^yHsvyHLvJHWvUH4w9I4wqI4wAIWvLILvLIsv%LINjLIujAIkjpI9j8I9jTH9jIHkjyHvjyHNj" /><g i="40" c="401" p="#^kysvkyLvvyWvGy4wXy4wcz4wmzWvxzLvxzsv%xzEoyzln4AjmDAhlyBHktC4kDD3klF5kkGdlkHlmmHlo%mHsvmHLvxHWvIH4wZH4weI4woIWvzILvzIsv%zIzoAI8n7J8mHJ7lBKCkwL4kCM3koO4knPdlnQlmoQqo%oQsvoQLvzQWvKQ4w$Q4wgR4wqRWvBRLvBRsv%BRgoARQlhQpk$O_iIMYiVK_iOJOjIIBk5IHlAHykwGMjtF_iODYi6C_i7BKj8Aukxzwl%xzNjxzujmzkjbz9jWy9jFy9juykjkyvjkyNj" /><g i="41" c="403" p="#^$DEv%9J5kbJ0kcJXjdJSjdJNjdJvj2JkjTI9jBI9jmI9jdIhj4Ipj$HBj%hDCu%DyFjxyrjoyijfy9jZx9jHx9jvxkjkxvjkxNjkxTjmxZjox3kqx9k%yCEvFCUvPC0w_C9wfD9w%iD9wzD9wJD0wUDUv$DEv" /><g i="42" c="404" p="#^lyiflyCfyyQfMy1g5z1gqz1gEzQfSzCfSzif%SzSeSzyeEzleqz7e5z7eMy7eyylelyyelySe^_w4Afy5AZymzHzEyIz8x%IzNjIzujxzkjmz9j5z9jQy9jFykjvyvjvyNj%vydxuy6y3yyyFx$yZw$ySw_yIwZyzwZyqwZybwZy1w7zTvhzTvwzTvKz0wTz9w0Aow3Aww4AFw4APw4A_w4A" /><g i="43" c="405" p="#^py_v%0L_vgL_vrLPvCLEvCLovCL8vrL_ugLQu0LQu%yzQu%dLCfkLtfnLmfrLefrL3f%rL2frLQefLGe3LvePKve%DyvenyvecyGe1yRe1y5f1ylfcyvfnyFfDyFf%GJFf%$xTuUx0vQx8vNxfvNxqv%NxrvNxFvYxQv8y_vpy_v" /><g i="44" c="406" p="#^txTitx3jAx9jIxfjRxfj1yejpy0jNyOi8zsiuz7iEzwhPzUgPzRf%PzdfPzTeAzEelzpe$ypeEypepyEeayTeaydf%ayLfay7gmylgyyygRyDgVyghDyKhlybiGxyiAxCiwxIitxNitxTi" /><g i="45" c="407" p="#^4zsv4zKvfzVvqz4wHz4wYz4w6AVvhAKvhAsv%hAmk%gEmkvEmkFEckQE2kREPjQEzjGEpjwEfjgEfj%hAfj%hA0ihAogVABfyBNeSCNedDOexDReSDTe9EXesE_eFEReSEHeSEpeSEceJE2eBETdoERd4EMdIDJdkDGdSCGd0CGdlBWdGAaebAFeEzdfmz3g4zVg4z_h%4zfj%Ixfjtxfjixpj7xzj7xOj7x2khxcksxmkIxmk%4zmk" /><g i="46" c="408" p="#^oC9w%sC9wHC9wSC0w1DTv7DBv%MGal%oKBvuKTvFK0wQK9w3L9w%7L9wlL9wwL0wILTvOLCv%ZP9k0Q2k1QYj3QRj3QJj3QujUPkjJP9jrP9jbP9j1PijUOrjRODj%7Lru%qHDjlHpjbHhj2H9jOG9j%LG9jvG9jmGhjdGpj8GDj%sCru%LyGjGyrjwyijmy9j5y9jQx9jExkjsxvjsxLjsxRjtxYjvx2kyx9k%JBCvPBTv_B0waC9woC9w" /><g i="47" c="409" p="#^lxeylxqysxwyAxCyJxCyVxCyhynyFy9y0zPxmzuxwzSwHzfwHzdv%HzBuHzeusz$tezMtTyMtvyMtgy$t2yeu2yBu%2y6v2yuveyIvqyWvJy_vNyEwvy5xdyyxyxWxsxZxox2ylx8ylxey" /><g i="48" c="410" p="#^yDhwkFhwHGzv3IQuQIztCJisDJFq%DJCqCJ1pQISn2IGmHG0mlFllEDllrCllwBClCASlNzhm%cAKf%lIKfCIKfNIzfYIofZI6fYIReNIGeCIvelIve%GzvepzvedzGe1zRe$ybf%AynmzyGmEyVmJy7nVygn2zmndzqnpzunDzunQztnjAenOA$mABMmmCxmvDvmEFxmXGFnfINoiIFq%iIJqfIEsZGStIF4vBD7vhC6v1BwuNzVtGyRsAyLsqyHshyDs7yCsSxDsGxPsvx_svxdtvxntzxwtDxEtNxOtSyRumAzvSBgwyDhw" /></glyphs></font><font id="50" name="Gill Sans Ultra Bold Charset1 6Dtz8ZKMNdA"><glyphs><g i="0" c="256" p="#^2LTh%2LjoOIenWGenQFendFBnDEXnDEyoDEZpfHZpvJZp2Lbp%2LzvQIdwjGdwVBdwuz5u3xZr3xHo3xqlnzcjHB_gzF_ggI_g2LTh" /><g i="1" c="257" p="#^yxln%yxWiKAahOEahFIahuKQijMtkjMSn%jM$v%ME$v%MEUu5D6w5B6wpz6why0vaxWtaxgsaxnqzybpYz$nbC$nwD$nMEloMEjnZDLmbDamOBamJzamyxln^MELs%MEHq4EtqxDtqSCtqrCQq0Car0CLr0ClssCLsVC8tBD8tiE8tMELs" /><g i="2" c="264" p="#^XEwknGah6JahDKahDLaiDMajDMJkDMkmELknGKjo6JjokHjo3GZmXEWnXEwq%XE$v%ox$v%oxih%XEih" /><g i="3" c="265" p="#^DOmd%DO$v%EF$vxB$vgzTt$wLr$wwo$wol3zhj7BahdEahWFah3HIh%3Hmd^3HEq%3HlnvGZmOFZm7FZmHEvnfE1ofERofENpNEdqjFEqtGEq" /><g i="4" c="266" p="%^PzmdPDmdbzaybvay" /><g i="5" c="267" p="%^Tx$vTxmd6Gmd6G$v" /><g i="6" c="274" p="#^Rxmd%0HmdZLmdFO6gmRRimRJmmRbp7QnrVOztxMNuaK$vPG$v%Rx$v^5Gvk%5GSo%iGSoNHSorIlo6JQn6JEm6JvkCGvk" /><g i="7" c="275" p="#^0Fih%0FqiIGahEIahoLaheNej5Pil5Ppo5PMr6NXt7L6w3I6wxG6w0Ftv%0F7A%tx7A%txih^0FMn%0FpqGFMqjGMq_GMqpHgqRHMpRHXoRH7opHBn_G3njG3nzF3n0FMn" /><g i="8" c="276" p="#^ZEdwtBdwcz6uXw$rXwDoXwelaz6jpB_gZE_gyI_gNK6j0Nel0NDo0N_rNK6uyIdwZEdw^ZENmeENmMDgnjDKnjDtojDdpMDHpeE8qZE8qIF8qaGHpEGdpEGtoEGJnaGfnIFNmZENm" /><g i="9" c="277" p="#^UEmd%UEamGH7lLHih%dPih0PyjjOYkDNlm7Mqn$M6oCNYodOOpBOUq_OZr5P3tdP9udP$v%LH$vLHBs3H_qnGmpUELo%UE$v%lx$v%lxmd" /><g i="10" c="278" p="#^wMoq%wMZs2KdwoFdwzBdwdz5uUwYrUwtoUwal1z4jbB_gBE_glG_gQHAhkJ9ipKijvLrk$LXlwMrnwMBp%PEBpeFJqcGmrbH_rrI_r_K_rwMoq^mE0n%WH0nTHWlnHjlTGHk5GHkoFHkTEhlmETlmE0n" /><g i="11" c="279" p="#^dJih%dJql%3Gql%3GAo3GaquHaqyIaqiJ7p%iJXuvH6wZE6wfC6wnAvuwyTswy0q%wyql%rvql%3G5d%3Gih" /><g i="12" c="284" p="#^REmd%REdjBGahiJahOLaheNEiHO6kHOJm%HO$v%zH$v%zHvnzHDl8GDluFDlREdm%RE$v%hx$v%hxmd" /><g i="13" c="285" p="#" /><g i="14" c="286" p="#^UEmd%UELhjGahLHahSKahWMfj_Okl_Oto_OErQMQtGK$vLG$v%lx$v%lxmd^UEEq%3FEq0GEqyGyq4HrqpH1qLHDpLHKoLHWnjHsnTGZm6GZmwFZmUEjn" /><g i="15" c="287" p="#^PClhXBlhiBJgGA4gGAcfGAjeiBIdXB4dPC4dHD4djEIdXEjeXEcfXE4gjEJgHDlhPClh^_Eih%_E$v%rx$v%rxihXy8ijB8ixD8i_Eih" /><g i="16" c="288" p="%^ZE$vqx$vqxmdZEmd" /><g i="17" c="289" p="#^8wzu%QxrqCyurIz4sOAFsSBFswCFsVCnsjD5sjDDrjDarZCRqECvqcB4qLzGpPybpUxHogxJnFwLmFwClFwqjyycirA_gRD_gGH_goKfi%BI$lPGok8FokBEokfEEkWDUkWDglWDJlgE2mCEnm6GLmEH7nDIDnDJ6odK5pPK3qPKjrPKBtZIVu8HdwdEdwgAdw8wzu" /></glyphs></font><font id="60" name="WebdingsBold Charset1 6I19sbLzZpt"><glyphs><g i="0" c="256" p="#^lOij%GN0l%bG4k%WGti%fIBi$I6hOJmgyKbfTLdfBMef2NFfvN4gvNIgvN1hkNvh4N5izM5j^VSjm%6L$x%kytu%2yFt%VFmh%4JDh%SIhi%nG2i%fzqt%lKdw%VP$i%aNKi%iMlj%IM0i%iN2ilN2ijN2iiN$hSMZh%2NdhsNfhzNgh5OshbOQhfO5i6O9i%NQoi%XQ1j%KP_l^iM3hkMYgkMIgkMbgILbgJKbgcKVg^fNqk%ZGJj%$Gqj%gN9k" /></glyphs></font><font id="70" name="Arial Charset1 67AcD7twvrZ"><glyphs><g i="0" c="880" p="#^kxdnkxXley2l8z8kpA8kHB8kBC2lwDXlwDdnwDvoBCqpHBkqpAkq8zkqeyqpkxvokxdn" /><g i="1" c="881" p="#" /></glyphs></font><font id="80" name="Open SansBold Charset1 6GTAco0g5KG"><glyphs><g i="0" c="384" p="%^jG$vyC$vyCGlACZjEC6i#HB3jlBljhz$ktxJidD9ejG9e" /><g i="1" c="385" p="#^tJ$v%$w$v%$wnt%tBRosDOm3E0mHEelYEzkdFUjdF9jdF5iDEAh1E2h2D2h0C2h1Bwh3A_h$yTi%Xwrggyjf7zSe$zoe0B8e2CUdjDUd_EUdgGveyH6ffIdgZIjhZIJiZIYjxI2l5I7mbHgnhGoo_Duq%HBFs%HBQs%tJQs" /><g i="2" c="386" p="#^MI7iMIOjLHZkLG8mVEBm%VEFm4HWmbIZniJ0piJOqiJntqHPuzFfw5CfwbzfwXwhv%Xw4s_xBsdzXstAgtHBgtzDgtsEDslF_rlFAqlFjpjEOohDgo2Bgo%Hzgo%Hznl%3Bnl8Dnl5EQk3Fhk3FYi3FXgwCXgEBXgKAdhQzvhJyei%ZwEfpzUdOCUdzFUd9H0fMI7gMI7i" /><g i="3" c="387" p="%^TJjsJHjsJH$v1E$v1EjsqwjsqwGpeE9eJH9eJHnpTJnp^1Enp1Elm#1EAl5E8k#9EIibEti5Eti#EDtj0DqkKznp" /><g i="4" c="388" p="%^ODvlwH9eBL9eGF2pGF$vVB$vVBap_v9e5A9e" /><g i="5" c="389" p="%^wI$vey$vey9ewI9ewIfh0Cfh0Cal3Ial3Igo0Cgo0CTswITs" /><g i="6" c="390" p="#^MI2rMIst1HSuiFfwbCfwlzfw8xav%8xFrXyssbAOssB7tuC7tKD7toEFs3Fas3Fdr3FIqMEiqtETpVDvplD7pBBioYzxn8zQmky6mQxallxdklxZilxBgYyffzAUdoDUdNEUd2GdejHyeHI8f%tH5i1Gvh5FhhaE2hgD2hbC2hCByh2B2i2BRi2BljhBJjwB5k0CrkwCNkpEHlWGUmRH5oMIipMI2r" /><g i="7" c="391" p="%^4O$vgJ$vvBvioBvi#DB3mDBBnDB$vey$vey9e0D9eMKwrSKwr#GK1oGKBmGK9e4O9e" /><g i="8" c="392" p="#^rO2nrOureMTt1KfwXFfwRBfwEzTtrxurrx1nrxziEzdgRBTdZFTd4KTdfMfgrOCirO2n^pB2npB2qyCzrHD4tXF4ttK4ttK2ntK1hZF1hID1hyCyipB3kpB2n" /></glyphs></font></bwFonts>